{"type": "FeatureCollection", "source": "OpenStreetMap contributors, ODbL - Overpass API", "fetched_at": "2026-09-26T17:43:10Z", "chunks": {"ciesniny dunskie": "53.5,9.0,56.5,13.0", "poludniowy Baltyk zachod": "53.5,13.0,56.5,17.5", "poludniowy Baltyk wschod": "53.5,17.5,56.5,22.0", "srodkowy Baltyk zachod": "56.5,15.0,59.0,19.5", "srodkowy Baltyk wschod": "56.5,19.5,59.0,24.0", "Zatoka Finska zachod": "58.5,21.0,60.5,25.5", "Zatoka Finska wschod": "58.5,25.5,61.0,30.5", "Zatoka Botnicka poludnie": "59.0,16.0,62.5,23.0", "Zatoka Botnicka polnoc": "62.5,16.0,66.0,26.0"}, "features": [{"type": "Feature", "properties": {"osm_id": 159089626, "name": "Kontek", "kind": "power", "operator": null}, "geometry": {"type": "LineString", "coordinates": [[11.9616144, 54.5623561], [12.0263889, 54.4125], [12.1060455, 54.2165827], [12.1150393, 54.193782], [12.1168685, 54.1892917], [12.117995, 54.1880802], [12.1212995, 54.187942], [12.1219003, 54.1880111], [12.1270193, 54.1876116]]}}, {"type": "Feature", "properties": {"osm_id": 159089627, "name": "Kontek", "kind": "power", "operator": null}, "geometry": {"type": "LineString", "coordinates": [[11.8417606, 55.0199622], [11.8401722, 55.0185596], [11.8389244, 55.0169227], [11.8394489, 55.0155665], [11.84, 55.0094444], [11.8425, 54.9836111], [11.8408917, 54.9689699], [11.8395232, 54.9593033]]}}, {"type": "Feature", "properties": {"osm_id": 168326669, "name": "Bornholm Cable", "kind": "power", "operator": null}, "geometry": {"type": "LineString", "coordinates": [[14.2333256, 55.4298084], [14.2602778, 55.4194444], [14.3422222, 55.3783333], [14.3688889, 55.3544444], [14.4661111, 55.2705556], [14.6644444, 55.1775], [14.7052761, 55.1732131]]}}, {"type": "Feature", "properties": {"osm_id": 207775098, "name": "HVDC Storeb\u00e6lt I (Great Belt power link)", "kind": "power", "operator": "Energinet"}, "geometry": {"type": "LineString", "coordinates": [[10.7082157, 55.4180604], [10.7187042, 55.4208566], [11.0762979, 55.4900691], [11.1743479, 55.4951798], [11.1764298, 55.4952702]]}}, {"type": "Feature", "properties": {"osm_id": 217974209, "name": "HVDC Baltic Cable", "kind": "power", "operator": null}, "geometry": {"type": "LineString", "coordinates": [[10.802197, 53.8958378], [10.8020988, 53.8936139], [10.8013509, 53.8931758], [10.8017127, 53.8927988], [10.8020169, 53.8922051], [10.8020557, 53.8920506], [10.8021558, 53.891652], [10.8028017, 53.8921286], [10.8162334, 53.892313], [10.8181496, 53.8938393], [10.8237908, 53.8937849], [10.8342053, 53.897073], [10.8369337, 53.8973126], [10.8407133, 53.8956098], [10.8453439, 53.8973822], [10.8479006, 53.8981723], [10.8469415, 53.9033242], [10.8469232, 53.9043735], [10.8488748, 53.9054758], [10.8555975, 53.9051351], [10.8568699, 53.9055808], [10.8582346, 53.9093065], [10.8590318, 53.9097748], [10.8687574, 53.9138877], [10.8731827, 53.9181899], [10.8762483, 53.9211961], [10.8827553, 53.9365617], [10.9012025, 53.9518502], [10.9031426, 53.9543814], [10.9034792, 53.9548206], [10.9036347, 53.9564383], [10.9190377, 53.9737065], [10.9833249, 54.0029252], [11.0523328, 54.032804], [11.3021847, 54.1370989], [11.7131574, 54.2912977], [12.0842345, 54.2921539], [12.22424, 54.3919355], [12.2602778, 54.4247222], [12.3639296, 54.5271253], [12.6082335, 54.6714281], [12.7229932, 54.9605212]]}}, {"type": "Feature", "properties": {"osm_id": 238158851, "name": "Baltic 2", "kind": "power", "operator": "50Hertz Transmission"}, "geometry": {"type": "LineString", "coordinates": [[12.63, 54.6128083], [12.6727341, 54.6440766], [12.6983928, 54.6624642], [12.711439, 54.6792403], [12.7399778, 54.690466], [12.7605867, 54.6984065], [12.96195, 54.78128], [13.0621333, 54.8411933], [13.0698154, 54.9438185], [13.0732522, 54.9440274], [13.0809474, 54.9445371], [13.0877292, 54.9449613], [13.095554, 54.9454449], [13.1026542, 54.9458686], [13.1168162, 54.9485798], [13.132652, 54.9517345], [13.1395184, 54.9530653], [13.151921, 54.955505], [13.1633794, 54.9587946], [13.1661903, 54.9613694], [13.1639587, 54.9674302], [13.1626498, 54.9712484], [13.1617837, 54.9718188], [13.1617479, 54.9719633], [13.1617271, 54.9720282]]}}, {"type": "Feature", "properties": {"osm_id": 473780290, "name": "Graderup-Rytterg\u00e5rd", "kind": "power", "operator": "Energinet"}, "geometry": {"type": "LineString", "coordinates": [[9.7959182, 55.5459533], [9.7900726, 55.5487512], [9.7915593, 55.5604994], [9.7980654, 55.5831043], [9.8002798, 55.585987], [9.8004718, 55.586617], [9.800051, 55.5871551], [9.7984714, 55.5878684], [9.7941902, 55.5888863], [9.7877807, 55.5886399]]}}, {"type": "Feature", "properties": {"osm_id": 511148877, "name": "Abildskov-S\u00f8nderborg 150 kV", "kind": "power", "operator": "Energinet.dk"}, "geometry": {"type": "LineString", "coordinates": [[9.9756456, 54.996631], [9.9765193, 54.9979182], [9.9798024, 55.0021305], [10.0701177, 55.0721758], [10.0748725, 55.0758833]]}}, {"type": "Feature", "properties": {"osm_id": 583317420, "name": "Kriegers Flak CGS", "kind": "power", "operator": "50Hertz Transmission"}, "geometry": {"type": "LineString", "coordinates": [[12.9450848, 55.0483292], [12.9448089, 55.0481934], [12.9445481, 55.0480383], [12.9443776, 55.0479594], [12.9442518, 55.047892], [12.9439565, 55.0477062], [12.9438022, 55.0476169], [12.9436533, 55.0475374], [12.9434237, 55.0473902], [12.9425725, 55.0468155], [12.9424351, 55.0467294], [12.9423585, 55.0466725], [12.9420845, 55.0464879], [12.9417693, 55.0462883], [12.9416454, 55.0461957], [12.9415441, 55.0461272], [12.9413323, 55.045995], [12.941188, 55.0458887], [12.9410851, 55.0458211], [12.9409548, 55.04572], [12.9407448, 55.0455993], [12.9406519, 55.0455386], [12.9405086, 55.0454318], [12.9403576, 55.0453286], [12.9402169, 55.0452444], [12.9399162, 55.0450494], [12.9394661, 55.0447271], [12.9390209, 55.0444375], [12.9382093, 55.0438906], [12.9380416, 55.0437839], [12.9379579, 55.0437189], [12.9376591, 55.0435229], [12.9374928, 55.0434037], [12.9372858, 55.043269], [12.9372147, 55.04321], [12.9371236, 55.0431609], [12.9369936, 55.0430712], [12.9369392, 55.0430273], [12.9368456, 55.0429798], [12.9367504, 55.0429202], [12.9365901, 55.0428098], [12.9365048, 55.0427455], [12.9363581, 55.0426521], [12.9362608, 55.0425818], [12.9360741, 55.0424607], [12.9360004, 55.0424027], [12.9357603, 55.0422369], [12.9356432, 55.0421645], [12.9354038, 55.0419985], [12.9352235, 55.0418863], [12.934973, 55.0417024], [12.9347152, 55.0415335], [12.9341434, 55.0410948], [12.9340129, 55.0410053], [12.933927, 55.040953], [12.9337583, 55.0408349], [12.9335301, 55.0406418], [12.9330483, 55.0402994], [12.932719, 55.0400372], [12.9319081, 55.0394321], [12.9317746, 55.039344], [12.9316858, 55.0392701], [12.9313066, 55.0389844], [12.9311058, 55.0388466], [12.9307698, 55.0385986], [12.9305841, 55.038401], [12.930502, 55.038304], [12.930292, 55.0380332], [12.9302084, 55.037917], [12.9301634, 55.0378404], [12.9300276, 55.0376588], [12.9299832, 55.0375916], [12.929934, 55.0374969], [12.9299048, 55.0374271], [12.9298809, 55.0373383], [12.9298019, 55.0371184], [12.929743, 55.0369236], [12.9296687, 55.0367215], [12.9296424, 55.0365967], [12.9296512, 55.0364441], [12.92973, 55.0359341], [12.9297373, 55.0357905], [12.9297578, 55.0357106], [12.9298123, 55.0355981], [12.9299447, 55.0353773], [12.9300082, 55.0352855], [12.9301072, 55.0351056], [12.9303332, 55.0347227], [12.9304043, 55.0345849], [12.9305488, 55.0343475], [12.9305933, 55.0342614], [12.9311473, 55.03346], [12.9312502, 55.033329], [12.9319331, 55.0323929], [12.9320441, 55.0322541], [12.9320965, 55.0321695], [12.9321825, 55.0320637], [12.932272, 55.0319391], [12.9324532, 55.0316711], [12.9325402, 55.0315757], [12.9327312, 55.0313004], [12.932894, 55.0310864], [12.9329388, 55.0310097], [12.9330167, 55.0309019], [12.9330923, 55.0307839], [12.9331486, 55.0306811], [12.9332885, 55.0305204], [12.9333998, 55.0304122], [12.9334577, 55.0303385], [12.9335406, 55.0302029], [12.9335898, 55.0301082], [12.9336313, 55.03005], [12.9336866, 55.0299856], [12.9337733, 55.0299108], [12.9338258, 55.0298557], [12.9339564, 55.0297663], [12.9339925, 55.0297369], [12.9340652, 55.0296475], [12.9341047, 55.0296087], [12.9341465, 55.029582], [12.9342869, 55.0295106], [12.9343757, 55.02946], [12.9344523, 55.0294289], [12.9345464, 55.0293816], [12.9347474, 55.029296], [12.9348812, 55.0292498], [12.9351356, 55.0291308], [12.9352829, 55.0290798], [12.9354085, 55.0290263], [12.9355677, 55.0289692], [12.9357192, 55.0289056], [12.9359297, 55.0288279], [12.9360972, 55.0287795], [12.9361639, 55.028756], [12.9365456, 55.0285995], [12.9367744, 55.0284907], [12.9369234, 55.0284414], [12.9370781, 55.0283804], [12.9372115, 55.0283336], [12.9380052, 55.0280137], [12.9383209, 55.0278972], [12.9385346, 55.0278064], [12.938728, 55.0277301], [12.9389756, 55.0276359], [12.9391096, 55.0275896], [12.9393846, 55.0274708], [12.9397218, 55.0273403], [12.9399228, 55.0272548], [12.9400331, 55.0272209], [12.9401115, 55.0271914], [12.9404007, 55.0270686], [12.9405081, 55.0270318], [12.9408138, 55.0269067], [12.9412183, 55.0267532], [12.9413682, 55.0266884], [12.9416188, 55.0265968], [12.9418865, 55.0264874], [12.9422501, 55.0263473], [12.9424652, 55.0262576], [12.9425727, 55.026221], [12.9430066, 55.0260446], [12.9437095, 55.0257759], [12.9440554, 55.0256368], [12.9441738, 55.0255931], [12.9443501, 55.0255185], [12.9446375, 55.02541], [12.9447853, 55.0253436], [12.9448651, 55.0253153], [12.9449625, 55.0252867], [12.9450909, 55.0252355], [12.9451885, 55.0251906], [12.9454918, 55.0250796], [12.9456895, 55.0249916], [12.9459215, 55.0249], [12.9460277, 55.0248621], [12.9465507, 55.024649], [12.9467881, 55.0245622], [12.9470215, 55.0244567], [12.9473309, 55.0243514], [12.9474638, 55.0242887], [12.9475649, 55.0242464], [12.94805, 55.0240653], [12.9483546, 55.0239394], [12.9486295, 55.0238362], [12.9489388, 55.0237141], [12.9492434, 55.0235882], [12.9495157, 55.0234828], [12.9497576, 55.0233838], [12.9500767, 55.0232703], [12.950423, 55.0231167], [12.9509276, 55.0229367], [12.9513664, 55.0227489], [12.9514863, 55.0227065], [12.9517697, 55.0225945], [12.9518889, 55.0225516], [12.9522478, 55.0224076], [12.952371, 55.0223522], [12.9524901, 55.0223092], [12.9529035, 55.0221472], [12.9530143, 55.0220974], [12.953214, 55.0220268], [12.953313, 55.0219829], [12.953486, 55.0219216], [12.9536658, 55.0218498], [12.9537731, 55.0218129], [12.9538762, 55.0217722], [12.9539603, 55.0217321], [12.9541042, 55.0216779], [12.9543311, 55.0215823], [12.9544793, 55.0215321], [12.9547211, 55.0214329], [12.9550095, 55.0213252], [12.9551184, 55.0212741], [12.9552092, 55.021239], [12.9553071, 55.0211943], [12.9560376, 55.0209168], [12.9564203, 55.0207611], [12.9566023, 55.0206912], [12.9567007, 55.0206468], [12.9571478, 55.0204656], [12.9573865, 55.0203799], [12.9575234, 55.0203202], [12.9577117, 55.0202561], [12.9579488, 55.0201533], [12.9582275, 55.0200537], [12.9583864, 55.0199809], [12.9585077, 55.01994], [12.9590358, 55.0197311], [12.9592978, 55.0196175], [12.9597582, 55.0194476], [12.96028, 55.0192337], [12.9606184, 55.0191042], [12.9609124, 55.0189853], [12.9610455, 55.0189382], [12.9613632, 55.0188074], [12.961536, 55.0187458], [12.9618704, 55.0186132], [12.9622514, 55.0184719], [12.9626593, 55.0183054], [12.9629325, 55.0182009], [12.9630324, 55.0181577], [12.9634631, 55.0179947], [12.9636907, 55.0178997], [12.9639534, 55.0178022], [12.9641698, 55.0177135], [12.9643392, 55.017649], [12.9644518, 55.0176005], [12.9645947, 55.0175455], [12.9647815, 55.017464], [12.9649642, 55.0173948], [12.9650775, 55.0173469], [12.9653096, 55.0172555], [12.9655608, 55.0171644], [12.9659684, 55.016998], [12.9661657, 55.0169251], [12.9663912, 55.0168284], [12.966708, 55.0167129], [12.9670953, 55.0165609], [12.9672696, 55.0164848], [12.9678326, 55.0162738], [12.9682678, 55.0160833], [12.9688153, 55.0158918], [12.9689752, 55.0158197], [12.9690925, 55.0157752], [12.9692107, 55.0157165], [12.9693371, 55.0156815], [12.9699349, 55.0154361], [12.9701605, 55.0153395], [12.9707381, 55.0151087], [12.9710277, 55.0150021], [12.9714412, 55.0148403], [12.9717336, 55.0147363], [12.9721331, 55.0145786], [12.9724868, 55.0144305], [12.973159, 55.014168], [12.9732705, 55.0141187], [12.9735939, 55.0139926], [12.9737706, 55.0139184], [12.9738782, 55.0138818], [12.974003, 55.0138278], [12.9741501, 55.0137765], [12.9743517, 55.0136914], [12.9744731, 55.0136506], [12.9746825, 55.0135721], [12.975005, 55.0134453], [12.9753859, 55.0132881], [12.9755685, 55.0132188], [12.9757443, 55.0131439], [12.9763857, 55.0128872], [12.9764994, 55.0128259], [12.9766241, 55.0127885], [12.9767855, 55.0127337], [12.9771621, 55.0125888], [12.9777726, 55.0123382], [12.9779426, 55.0122743], [12.978088, 55.0122063], [12.9782664, 55.0121505], [12.9783702, 55.0121105], [12.9784524, 55.012069], [12.9785522, 55.0120258], [12.979057, 55.0118461], [12.9791793, 55.0117901], [12.9793099, 55.0117408], [12.9794988, 55.0116467], [12.9796513, 55.0116014], [12.9798173, 55.011534], [12.9799646, 55.0114832], [12.9801074, 55.0114134], [12.9802299, 55.0113737], [12.9804627, 55.0112829], [12.9805865, 55.0112446], [12.9808337, 55.0111348], [12.9811117, 55.0110345], [12.9812617, 55.0109699], [12.9815384, 55.0108686], [12.9816476, 55.0108177], [12.9817891, 55.0107616], [12.9819363, 55.0107106], [12.9820213, 55.010671], [12.9822153, 55.0105954], [12.9824265, 55.0105028], [12.9828123, 55.0103497], [12.9829118, 55.0103062], [12.9839096, 55.0099194], [12.9841953, 55.009794], [12.9842607, 55.0097556], [12.9844516, 55.0095806], [12.9846547, 55.0094324], [12.9847402, 55.0093573], [12.9847989, 55.0092938], [12.9849449, 55.0091149], [12.9849941, 55.0090392], [12.9850536, 55.0089275], [12.9851398, 55.0087084], [12.9851601, 55.0086375], [12.9851951, 55.0083238], [12.9852341, 55.0075965], [12.9852359, 55.0073809], [12.9852926, 55.0069149], [12.9853133, 55.0066007], [12.9853158, 55.006439], [12.985373, 55.0059911], [12.985415, 55.00521], [12.9854674, 55.0046719], [12.9854867, 55.0043396], [12.9856047, 55.0029308], [12.9856612, 55.0021769], [12.9856885, 55.0018988], [12.9857055, 55.0015667], [12.9857821, 55.0007143], [12.9858282, 55.0003019], [12.9859131, 54.9992519], [12.9859455, 54.998938], [12.9859557, 54.9986776], [12.9859761, 54.9983904], [12.9860546, 54.9975382], [12.9861002, 54.9967032], [12.9861281, 54.9964522], [12.9861782, 54.99586], [12.9861995, 54.9957077], [12.9861975, 54.9956089], [12.9862042, 54.9955102], [12.986228, 54.995313], [12.9862523, 54.9949719], [12.9862786, 54.9947839], [12.9863083, 54.9944249], [12.9863264, 54.9940747], [12.9863544, 54.9937517], [12.9863574, 54.993608], [12.9864012, 54.9930696], [12.9864031, 54.9929078], [12.9864412, 54.9925672], [12.9864512, 54.9923786], [12.9864782, 54.9920736], [12.9864795, 54.9919747], [12.9865203, 54.9915982], [12.9865504, 54.9911853], [12.9865753, 54.9909611], [12.9865955, 54.9906559], [12.9866197, 54.9904858], [12.9866298, 54.9903152], [12.9866413, 54.9902436], [12.9866505, 54.9900281], [12.9866916, 54.9895256], [12.9867212, 54.9893016], [12.9867557, 54.9886551], [12.9867843, 54.9883142], [12.986805, 54.9881619], [12.9868386, 54.9877761], [12.9868853, 54.9871479], [12.9869281, 54.9868344], [12.9869386, 54.986565], [12.9870086, 54.9855506], [12.9870377, 54.9852636], [12.9870519, 54.9850032], [12.9871038, 54.984492], [12.9871341, 54.9840791], [12.9871489, 54.9837738], [12.9871732, 54.9835677], [12.987192, 54.9831457], [12.9872124, 54.9830024], [12.9872638, 54.9824552], [12.9872711, 54.9823655], [12.9872693, 54.9822577], [12.9872816, 54.9821862], [12.9872895, 54.9820245], [12.9873234, 54.9816927], [12.98733, 54.9815311], [12.9873629, 54.9812442], [12.9873754, 54.9809119], [12.9873955, 54.9807326], [12.9873983, 54.9806069], [12.9874134, 54.9805085], [12.9874207, 54.9803918], [12.9874536, 54.9802131], [12.9874793, 54.9800071], [12.9874851, 54.9798544], [12.9874808, 54.9795939], [12.9874952, 54.9795135], [12.987499, 54.9793878], [12.987528, 54.9791999], [12.987535, 54.9789124], [12.9875555, 54.9787692], [12.9875645, 54.9785626], [12.9875976, 54.9782848], [12.9875986, 54.9782039], [12.987637, 54.9779444], [12.9876576, 54.9776391], [12.9876579, 54.9775583], [12.9876717, 54.9774058], [12.9876808, 54.9773521], [12.9877746, 54.9770152], [12.9877968, 54.9769628], [12.9879099, 54.9767573], [12.9879789, 54.9766571], [12.9881057, 54.9765028], [12.9881794, 54.9764037], [12.9883171, 54.9762627], [12.9885544, 54.9760622], [12.9886683, 54.9759883], [12.9887856, 54.9759043], [12.9889015, 54.9758312], [12.9890018, 54.9757746], [12.9892614, 54.9756452], [12.9894699, 54.9755508], [12.989791, 54.9754395], [12.9904818, 54.9752116], [12.990937, 54.9750727], [12.9911758, 54.9749874], [12.9917233, 54.9748144], [12.992061, 54.9747017], [12.992391, 54.9745995], [12.9929555, 54.9744073], [12.9934373, 54.9742588], [12.9939214, 54.9740942], [12.9941036, 54.9740428], [12.9942809, 54.9739859], [12.9952948, 54.9736484], [12.9955176, 54.9735834], [12.9958646, 54.9734622], [12.9960161, 54.9733846], [12.9962926, 54.9732527], [12.9965946, 54.9730966], [12.9967739, 54.9730099], [12.9969959, 54.9729106], [12.9973719, 54.9727212], [12.9976992, 54.9725683], [12.997913, 54.97245], [12.998219, 54.9723105], [12.9984133, 54.9722065], [12.9987521, 54.9720475], [12.9989523, 54.9719472], [12.9991303, 54.9718742], [12.9992846, 54.9717984], [12.999447, 54.9717282], [13.0002079, 54.9714138], [13.0003434, 54.9713531], [13.0007935, 54.9711748], [13.0013853, 54.9709101], [13.0017244, 54.9707816], [13.0021584, 54.9705905], [13.0024875, 54.9704537], [13.0026479, 54.9703822], [13.0032739, 54.970129], [13.0035735, 54.9699994], [13.0042951, 54.9696996], [13.0053963, 54.9691972], [13.0058527, 54.9689934], [13.0064849, 54.9687002], [13.0067205, 54.9685964], [13.0072767, 54.9683349], [13.0077349, 54.9681324], [13.0081462, 54.9679393], [13.0087009, 54.9676911], [13.0094403, 54.9673457], [13.0098566, 54.9671711], [13.0100859, 54.9670628], [13.010485, 54.9668615], [13.0111143, 54.9665957], [13.0113898, 54.9664632], [13.011749, 54.9663199], [13.0119569, 54.9662249], [13.0121869, 54.966132], [13.0124614, 54.9660131], [13.0127319, 54.9659065], [13.0132415, 54.9656836], [13.0135126, 54.9655774], [13.0138582, 54.9654234], [13.0140781, 54.9653379], [13.0143497, 54.9652169], [13.0145181, 54.9651517], [13.0146543, 54.9650914], [13.0148639, 54.9650133], [13.0150109, 54.9649465], [13.0151796, 54.9648815], [13.0153306, 54.9648177], [13.0158649, 54.9645838], [13.0160818, 54.9644957], [13.016213, 54.964447], [13.0163471, 54.9643853], [13.0166115, 54.9642737], [13.0168288, 54.964186], [13.0171165, 54.9640623], [13.0173362, 54.9639766], [13.017505, 54.9638968], [13.017686, 54.9638263], [13.0178992, 54.9637353], [13.0180919, 54.9636587], [13.0182366, 54.9635902], [13.0184939, 54.9634884], [13.0187646, 54.9633668], [13.0191853, 54.9631956], [13.0194686, 54.9630686], [13.0197151, 54.9629737], [13.0199242, 54.9628796], [13.0202474, 54.9627537], [13.0205532, 54.9626142], [13.020686, 54.9625669], [13.020788, 54.9625254], [13.0211479, 54.9623674], [13.0215941, 54.9621858], [13.0218398, 54.9620749], [13.0221399, 54.9619616], [13.0223314, 54.9618693], [13.0225554, 54.9617717], [13.0229531, 54.9616293], [13.023489, 54.961382], [13.0241289, 54.9611248], [13.0247244, 54.960863], [13.0251149, 54.9607141], [13.0253679, 54.9605942], [13.0258705, 54.9603966], [13.0261165, 54.960286], [13.0263477, 54.9601941], [13.0266274, 54.9600645], [13.0267845, 54.9600058], [13.0271899, 54.9598378], [13.0273622, 54.9597604], [13.0283754, 54.9593403], [13.028823, 54.9591448], [13.0291574, 54.9590124], [13.0293558, 54.9589251], [13.0300652, 54.9586311], [13.0307282, 54.9583462], [13.0310372, 54.9582243], [13.0312366, 54.9581377], [13.0315046, 54.958029], [13.0318401, 54.9578821], [13.0321094, 54.9577746], [13.0323741, 54.9576487], [13.0326114, 54.9575622], [13.0329802, 54.957396], [13.0332214, 54.9572967], [13.0334903, 54.9571737], [13.034035, 54.956948], [13.0343642, 54.9567965], [13.034719, 54.9566496], [13.034951, 54.9565432], [13.0351822, 54.9564513], [13.0355717, 54.9562713], [13.0358292, 54.9561698], [13.0360371, 54.9560748], [13.0363021, 54.9559637], [13.0364984, 54.9558748], [13.0366926, 54.9557996], [13.0371289, 54.9555958], [13.0374477, 54.9554662], [13.0376153, 54.9553855], [13.0380814, 54.9552049], [13.0382765, 54.9551015], [13.0383991, 54.9550459], [13.038988, 54.9548094], [13.0392264, 54.9547078], [13.0395676, 54.9545506], [13.0398822, 54.9544177], [13.0401963, 54.9542697], [13.0403106, 54.9542227], [13.0404708, 54.954167], [13.0408228, 54.9540032], [13.0409892, 54.9539363], [13.0411106, 54.9538958], [13.041632, 54.953667], [13.0423166, 54.9533839], [13.0425253, 54.9532757], [13.0429048, 54.9530888], [13.043323, 54.9529156], [13.043637, 54.9527981], [13.0438834, 54.9526878], [13.0443876, 54.9524758], [13.0447486, 54.9523041], [13.0449916, 54.9522063], [13.0451232, 54.952158], [13.045354, 54.9520508], [13.0456946, 54.951908], [13.0459025, 54.9518131], [13.0461793, 54.9516961], [13.0464277, 54.9516029], [13.047495, 54.9511645], [13.0493806, 54.9504117], [13.0495972, 54.9503235], [13.0497961, 54.9502366], [13.0500539, 54.9501353], [13.0502424, 54.9500553], [13.0512993, 54.9496398], [13.051836, 54.949423], [13.0525433, 54.9491275], [13.0528046, 54.9490292], [13.0530787, 54.9489102], [13.0533955, 54.9487952], [13.0537477, 54.9486462], [13.053981, 54.9485561], [13.0543788, 54.9483824], [13.0549121, 54.9481788], [13.0551964, 54.9480526], [13.0554348, 54.9479672], [13.0557861, 54.9478175], [13.056063, 54.9477166], [13.0562116, 54.9476511], [13.0565045, 54.9475316], [13.0569687, 54.9473494], [13.0571964, 54.9472547], [13.0577674, 54.9470351], [13.0583171, 54.9468134], [13.0584861, 54.9467488], [13.058978, 54.9465424], [13.0595016, 54.9463306], [13.0597261, 54.9462334], [13.0599602, 54.946144], [13.0602131, 54.9460387], [13.0604097, 54.9459655], [13.0606495, 54.9458651], [13.0609617, 54.9457459], [13.0620177, 54.9453141], [13.0626264, 54.9450785], [13.0635026, 54.944718], [13.0644143, 54.9443555], [13.0648322, 54.9441822], [13.0653324, 54.9439826], [13.065518, 54.9439162], [13.0655998, 54.94389], [13.0657011, 54.9438666], [13.0658503, 54.9438403], [13.0659424, 54.9438306], [13.0660202, 54.9438274], [13.066145, 54.9438283], [13.0665812, 54.9438433], [13.0678538, 54.943921], [13.0691852, 54.9440427], [13.1024, 54.9463167], [13.1414733, 54.9540467], [13.1630683, 54.9590733], [13.1657483, 54.961435], [13.1656692, 54.9616221], [13.1653301, 54.9624296], [13.1648185, 54.9636104], [13.1644618, 54.9645607], [13.1640945, 54.9655953], [13.1636302, 54.9668106], [13.1623429, 54.9704035], [13.1617144, 54.9717348], [13.1616457, 54.9720236]]}}, {"type": "Feature", "properties": {"osm_id": 707279398, "name": "110kV \u015awinouj\u015bcie - Warsz\u00f3w [2]", "kind": "power", "operator": "Enea"}, "geometry": {"type": "LineString", "coordinates": [[14.2510681, 53.8912012], [14.2538099, 53.8934785], [14.2564881, 53.8957672], [14.2576857, 53.8967897], [14.2589191, 53.8977849], [14.2589772, 53.897847]]}}, {"type": "Feature", "properties": {"osm_id": 753560476, "name": "Ostwind 1 Ltg 261, 281 und 282", "kind": "power", "operator": "50Hertz Transmission"}, "geometry": {"type": "LineString", "coordinates": [[13.6589378, 54.1542004], [13.6538386, 54.1595757], [13.6515877, 54.1619046], [13.6542159, 54.1838742], [13.7261712, 54.2076789], [13.7249955, 54.2306043], [13.7288192, 54.2364088], [13.7758802, 54.2697323], [13.8578669, 54.3283147], [13.844459, 54.3487397], [13.8721368, 54.3709179], [13.8620288, 54.3876175], [13.8546448, 54.4793799], [13.8527296, 54.5077286], [13.8311474, 54.6176917], [13.8601112, 54.676635], [13.8715267, 54.6999775], [13.8818739, 54.7205333], [13.9453013, 54.7549007], [13.9419368, 54.7665253], [13.9430236, 54.7680184], [13.9456415, 54.7695038], [13.9774575, 54.7727438], [14.0052724, 54.7760885], [14.0195632, 54.7788235], [14.0310058, 54.780275]]}}, {"type": "Feature", "properties": {"osm_id": 853612883, "name": "HVDC NordBalt", "kind": "power", "operator": null}, "geometry": {"type": "LineString", "coordinates": [[21.1060264, 55.630549], [20.8403223, 55.671788], [20.6121961, 55.70716], [20.4032585, 55.7395287], [20.0817784, 55.7892801], [19.6926976, 55.8494207], [19.4106, 55.8929667], [19.2329908, 55.9204269], [19.0328333, 55.95135], [18.8215827, 55.9501388], [18.6177228, 55.9489699], [18.406982, 55.9477615], [18.1219427, 55.946127], [18.00095, 55.9280167], [17.8198132, 55.850656], [17.7505921, 55.8418692], [17.3399685, 55.7869108], [16.8717966, 55.7241553], [16.6565333, 55.6952667], [16.6477833, 55.6963167], [16.517346, 55.7684985], [16.39095, 55.8383167], [16.2736833, 55.93125], [16.2637667, 56.0461667], [16.260888, 56.1395418], [16.2586833, 56.2109], [16.25765, 56.2687833], [16.24235, 56.3373333], [16.2270167, 56.3992833], [16.2214, 56.4217833], [16.2290833, 56.4505667], [16.2298771, 56.4538295], [16.2356333, 56.4597333], [16.2375167, 56.4657833], [16.2370333, 56.4753833], [16.2411333, 56.4866667], [16.25045, 56.5171333], [16.2501333, 56.5192667], [16.2431319, 56.5272372], [16.23395, 56.5316], [16.22575, 56.5353333], [16.2174803, 56.5371826]]}}, {"type": "Feature", "properties": {"osm_id": 865474902, "name": "Kriegers Flak CGS", "kind": "power", "operator": "50Hertz Transmission"}, "geometry": {"type": "LineString", "coordinates": [[13.161572, 54.9720195], [13.1615859, 54.9719327], [13.1616164, 54.9717648], [13.161615, 54.9717289], [13.1615967, 54.9716853], [13.1614858, 54.9714982], [13.1614507, 54.9714199], [13.1614377, 54.9713666], [13.1614354, 54.9712588], [13.1614543, 54.9711245], [13.1615455, 54.9708236], [13.1617399, 54.9703054], [13.1620311, 54.9695789], [13.1622172, 54.9690873], [13.1626785, 54.9679683], [13.1629412, 54.9673024], [13.1629867, 54.9671702], [13.1631173, 54.9668372], [13.1633062, 54.9663736], [13.1634873, 54.9658906], [13.1636347, 54.9655414], [13.1638463, 54.9649794], [13.1641417, 54.9642441], [13.1642785, 54.9638934], [13.1643466, 54.9636997], [13.1646455, 54.9629741], [13.1647228, 54.962754], [13.1649386, 54.9622202], [13.1650195, 54.9619913], [13.1651169, 54.9617738], [13.1652475, 54.9614224], [13.1652617, 54.9613601], [13.1652561, 54.9612793], [13.1652234, 54.9611641], [13.1651762, 54.9610786], [13.1651229, 54.9610238], [13.1650284, 54.9609523], [13.1644257, 54.9604277], [13.1640629, 54.9601242], [13.1639414, 54.9600306], [13.1637957, 54.9598924], [13.1635315, 54.9596698], [13.1634039, 54.959579], [13.1632585, 54.9594975], [13.1631705, 54.9594603], [13.1629554, 54.9593873], [13.1628688, 54.9593668], [13.1616723, 54.9591311], [13.1612702, 54.9590583], [13.1610817, 54.959015], [13.1608306, 54.9589656], [13.1606956, 54.9589431], [13.1605209, 54.9589042], [13.1597817, 54.9587598], [13.159499, 54.9587081], [13.159325, 54.9586681], [13.1590747, 54.9586174], [13.1587615, 54.9585616], [13.1585722, 54.9585194], [13.1579672, 54.9583992], [13.1577436, 54.958359], [13.1572722, 54.9582639], [13.1569457, 54.9582026], [13.1566699, 54.9581397], [13.15649, 54.9581097], [13.1560905, 54.9580323], [13.1554871, 54.9579093], [13.1548805, 54.9577917], [13.1545725, 54.9577271], [13.1530193, 54.9574255], [13.152711, 54.9573613], [13.1522373, 54.9572698], [13.1515891, 54.957139], [13.1513957, 54.9571035], [13.1512054, 54.957063], [13.1508923, 54.9570069], [13.1505691, 54.9569401], [13.1500943, 54.9568507], [13.1498325, 54.9567919], [13.149283, 54.9566895], [13.1489174, 54.9566109], [13.1484872, 54.9565297], [13.1482674, 54.9564832], [13.1480433, 54.9564441], [13.1469978, 54.9562323], [13.1456384, 54.9559655], [13.1448382, 54.9558128], [13.1439999, 54.9556409], [13.1437964, 54.955595], [13.1436403, 54.955554], [13.1433738, 54.9554605], [13.1432467, 54.9554084], [13.1429905, 54.9552906], [13.1428997, 54.9552413], [13.1426764, 54.9551032], [13.1422976, 54.9548405], [13.1422189, 54.9547969], [13.1420039, 54.9546928], [13.1418895, 54.9546459], [13.1417266, 54.9545927], [13.1416022, 54.9545551], [13.1414723, 54.9545244], [13.1404836, 54.9543281], [13.1401418, 54.9542648], [13.1393161, 54.9540995], [13.1378515, 54.9538154], [13.1375432, 54.9537513], [13.1372016, 54.9536876], [13.1368648, 54.9536161], [13.1364499, 54.9535367], [13.1362309, 54.9534891], [13.1357288, 54.9533901], [13.1351065, 54.9532713], [13.1348136, 54.953209], [13.1344875, 54.953147], [13.1341209, 54.9530701], [13.1332028, 54.9528939], [13.1328652, 54.9528235], [13.1325682, 54.9527681], [13.1315644, 54.9525693], [13.1302083, 54.9522972], [13.1285529, 54.9519735], [13.1280383, 54.9518679], [13.1272232, 54.9517126], [13.1265767, 54.951579], [13.125306, 54.9513296], [13.124806, 54.9512272], [13.1240953, 54.9510906], [13.1218668, 54.9506486], [13.1214993, 54.9505729], [13.1200803, 54.9502959], [13.1197133, 54.9502195], [13.1194897, 54.9501795], [13.1188414, 54.950049], [13.1186628, 54.9500165], [13.1182816, 54.9499363], [13.1179704, 54.9498771], [13.1173813, 54.9497582], [13.1162703, 54.9495457], [13.1150944, 54.9493037], [13.1145002, 54.9491935], [13.1141492, 54.9491181], [13.1128343, 54.94886], [13.1124964, 54.9487903], [13.1121544, 54.9487274], [13.1118181, 54.948655], [13.1108707, 54.9484728], [13.1102087, 54.9483378], [13.1094842, 54.9481969], [13.1090426, 54.9481072], [13.1087443, 54.9480544], [13.1082151, 54.9479456], [13.1072654, 54.9477673], [13.1070302, 54.9477189], [13.1068436, 54.9476731], [13.1063725, 54.9475777], [13.1059002, 54.9474841], [13.1052473, 54.9473614], [13.104793, 54.9472656], [13.1041584, 54.94714], [13.1039941, 54.9471113], [13.1038047, 54.9470695], [13.1029771, 54.9469076], [13.1025507, 54.9468203], [13.1022964, 54.9467768], [13.1021589, 54.9467602], [13.1017876, 54.9467317], [13.1013076, 54.9466964], [13.1009196, 54.9466728], [13.1005971, 54.9466391], [13.100239, 54.9466252], [13.0998987, 54.9465988], [13.0989834, 54.9465404], [13.0984419, 54.9464989], [13.0976512, 54.9464461], [13.0972961, 54.9464158], [13.0968457, 54.9463906], [13.0961346, 54.9463338], [13.095606, 54.9463067], [13.0951423, 54.9462694], [13.0939484, 54.9461905], [13.0933448, 54.9461448], [13.0927082, 54.9461076], [13.092276, 54.9460706], [13.0914848, 54.94602], [13.091191, 54.9459969], [13.0909891, 54.945985], [13.0906029, 54.9459533], [13.0887887, 54.9458339], [13.0885261, 54.9458122], [13.0880916, 54.9457851], [13.0872714, 54.9457229], [13.0869609, 54.9457046], [13.0862957, 54.9456532], [13.0853034, 54.9455875], [13.0838787, 54.9454845], [13.0823748, 54.945384], [13.0813688, 54.945309], [13.0810116, 54.9452882], [13.0795079, 54.945187], [13.0793384, 54.9451714], [13.0783158, 54.9451002], [13.0774184, 54.9450319], [13.0767975, 54.9449941], [13.0766121, 54.9449789], [13.0762862, 54.9449592], [13.0753423, 54.9448877], [13.0746592, 54.944847], [13.0743038, 54.9448182], [13.0737296, 54.9447829], [13.0732806, 54.9447501], [13.0729565, 54.9447218], [13.0726311, 54.9446993], [13.0722892, 54.9446807], [13.0713915, 54.944614], [13.0699347, 54.9445143], [13.0697322, 54.944508], [13.0696543, 54.9445111], [13.0695777, 54.9445194], [13.0693289, 54.9445723], [13.0691484, 54.9446255], [13.0688839, 54.9447368], [13.0687019, 54.9448064], [13.0679396, 54.9451194], [13.06781, 54.9451694], [13.0676095, 54.9452551], [13.0669854, 54.9455096], [13.0662046, 54.9458386], [13.0646873, 54.9464552], [13.0645056, 54.9465401], [13.0643225, 54.9466087], [13.0637588, 54.9468498], [13.0635003, 54.9469506], [13.0621986, 54.9474936], [13.0616846, 54.9476976], [13.0612965, 54.947864], [13.060709, 54.9481015], [13.0596381, 54.9485524], [13.0593401, 54.9486676], [13.0586755, 54.948951], [13.0581098, 54.9491752], [13.0571032, 54.9496006], [13.0563839, 54.9498863], [13.0560484, 54.9500331], [13.0557527, 54.9501502], [13.0553417, 54.950329], [13.0550169, 54.9504534], [13.0540151, 54.9508673], [13.0530255, 54.9512907], [13.0529101, 54.9513369], [13.0525511, 54.9514639], [13.0523305, 54.951564], [13.0504601, 54.9523445], [13.0503189, 54.9524008], [13.0501076, 54.9524775], [13.049852, 54.9525954], [13.0495138, 54.9527246], [13.0488997, 54.9530017], [13.0487589, 54.9530583], [13.048586, 54.9531195], [13.0484439, 54.953175], [13.0472491, 54.9536652], [13.0470273, 54.9537491], [13.0467124, 54.9538817], [13.046417, 54.9540144], [13.0462099, 54.9540948], [13.0458159, 54.9542564], [13.0452756, 54.9544857], [13.0448516, 54.9546542], [13.0443348, 54.9548714], [13.0440646, 54.9549783], [13.0436881, 54.9551386], [13.0430857, 54.9553796], [13.0426231, 54.9555787], [13.0423643, 54.9556791], [13.0414946, 54.956045], [13.0412624, 54.9561361], [13.0411562, 54.9561738], [13.0408132, 54.9562808], [13.0404225, 54.9564125], [13.0401202, 54.9565063], [13.0399471, 54.9565673], [13.0394022, 54.9567429], [13.0389039, 54.9569109], [13.0385835, 54.9570042], [13.0382955, 54.9571118], [13.0380593, 54.9571814], [13.0377187, 54.957291], [13.0372937, 54.9574421], [13.0366492, 54.9576439], [13.0360941, 54.9578273], [13.0359211, 54.9578884], [13.0353502, 54.9580739], [13.0349623, 54.9582083], [13.0346988, 54.9582866], [13.034446, 54.9583759], [13.033967, 54.9585271], [13.0333436, 54.9587322], [13.0331638, 54.9587864], [13.0328929, 54.9588757], [13.0327473, 54.9589281], [13.0325022, 54.9590073], [13.0322669, 54.9590779], [13.0317304, 54.9592619], [13.0315367, 54.95932], [13.0309306, 54.9595243], [13.0305056, 54.9596754], [13.0301645, 54.9598179], [13.0283953, 54.9604769], [13.028154, 54.9605761], [13.0279188, 54.9606647], [13.0275207, 54.9608383], [13.0272942, 54.9609178], [13.0267948, 54.9611182], [13.025965, 54.9614847], [13.0257815, 54.9615822], [13.0254057, 54.961743], [13.0249647, 54.9619577], [13.02489, 54.9619902], [13.0247593, 54.9620394], [13.0239709, 54.9623926], [13.023803, 54.9624732], [13.0235813, 54.9625865], [13.0230424, 54.9628169], [13.0228581, 54.9629001], [13.0225681, 54.9630366], [13.021675, 54.9634441], [13.0214356, 54.9635594], [13.0213461, 54.9635954], [13.0208743, 54.9638166], [13.0206385, 54.9639202], [13.0205227, 54.963966], [13.0204065, 54.964026], [13.020156, 54.9641332], [13.0199423, 54.9642382], [13.0197458, 54.9643267], [13.0194422, 54.9644529], [13.0191656, 54.9645847], [13.0183583, 54.964953], [13.0182394, 54.9650113], [13.0180145, 54.9651081], [13.0177602, 54.9652271], [13.0174594, 54.9653557], [13.0172766, 54.96544], [13.0170871, 54.9655336], [13.0165937, 54.965754], [13.0161676, 54.9659509], [13.0160735, 54.9659981], [13.0158938, 54.9660697], [13.0155735, 54.9662274], [13.0153312, 54.9663258], [13.0149164, 54.9665164], [13.014543, 54.9666936], [13.0143021, 54.9667932], [13.0138835, 54.9669952], [13.013259, 54.9672648], [13.0128653, 54.9674559], [13.0127009, 54.9675244], [13.0124837, 54.967627], [13.0120466, 54.9678158], [13.0117702, 54.9679477], [13.0113019, 54.9681571], [13.0111372, 54.9682395], [13.0110601, 54.9682702], [13.0104291, 54.9685496], [13.0100554, 54.9687266], [13.0094392, 54.9690022], [13.0093327, 54.9690549], [13.0091582, 54.9691307], [13.0089162, 54.9692443], [13.0086548, 54.9693582], [13.0081686, 54.9695838], [13.0079909, 54.969657], [13.0077223, 54.9697802], [13.0076209, 54.9698221], [13.0072555, 54.9700048], [13.0064845, 54.9703415], [13.0062642, 54.970442], [13.0061944, 54.9704779], [13.0061309, 54.970504], [13.0059803, 54.9705823], [13.0059016, 54.9706113], [13.0056971, 54.9707087], [13.0049671, 54.9710321], [13.0044191, 54.9712851], [13.0039819, 54.9714737], [13.0035964, 54.9716566], [13.0031075, 54.9718803], [13.0028695, 54.9719822], [13.0020719, 54.9723434], [13.0018422, 54.9724515], [13.0017289, 54.9725133], [13.0016201, 54.9725479], [13.0014415, 54.972635], [13.0012568, 54.9727176], [13.001153, 54.9727722], [13.0010779, 54.9728044], [13.0009974, 54.9728318], [13.0008241, 54.9729085], [13.0004137, 54.9731023], [12.9997842, 54.9733825], [12.9992344, 54.9736343], [12.9990432, 54.9737268], [12.9987202, 54.9738683], [12.998331, 54.9740486], [12.9976123, 54.9743658], [12.9972607, 54.9745301], [12.9971579, 54.9745708], [12.9967952, 54.9747415], [12.9966708, 54.9747957], [12.9964135, 54.9749266], [12.9962277, 54.9750086], [12.9960369, 54.9750868], [12.9958167, 54.9751872], [12.9956983, 54.9752458], [12.9950163, 54.9755461], [12.9949144, 54.9756016], [12.9946509, 54.975714], [12.994494, 54.975788], [12.9944054, 54.9758248], [12.9942868, 54.9758833], [12.9941733, 54.975931], [12.994116, 54.9759614], [12.9940642, 54.9759815], [12.9937964, 54.9761052], [12.9936912, 54.9761589], [12.9935617, 54.9762091], [12.9934323, 54.976274], [12.9932483, 54.9763575], [12.9931793, 54.9763939], [12.9930515, 54.9764455], [12.9929548, 54.976491], [12.9928622, 54.9765392], [12.9927832, 54.9765681], [12.9921923, 54.9768335], [12.9919528, 54.9769488], [12.9916667, 54.9770737], [12.9915991, 54.977111], [12.9915239, 54.977143], [12.9914324, 54.977192], [12.9913762, 54.977235], [12.9913113, 54.9772737], [12.9912898, 54.9772976], [12.9912612, 54.9773489], [12.9912051, 54.9774028], [12.9911598, 54.97746], [12.9911469, 54.9774859], [12.9911216, 54.9775745], [12.9911196, 54.9776553], [12.9910933, 54.9777982], [12.9910842, 54.9780316], [12.9910518, 54.9782914], [12.9910248, 54.9787401], [12.9909962, 54.9788828], [12.9909969, 54.9789996], [12.9909785, 54.9790797], [12.9909801, 54.9791156], [12.9909723, 54.9791512], [12.9909764, 54.9791959], [12.9909566, 54.9792393], [12.9909586, 54.979338], [12.9909473, 54.9794096], [12.990941, 54.9795443], [12.990927, 54.9796157], [12.9909284, 54.9796696], [12.9909112, 54.9798039], [12.990914, 54.9798488], [12.9909029, 54.9799294], [12.9909019, 54.9800551], [12.9908926, 54.9801087], [12.9908865, 54.9802165], [12.9908697, 54.9802877], [12.9908716, 54.9803415], [12.9908622, 54.9803861], [12.9908584, 54.9805118], [12.990828, 54.9806634], [12.9908309, 54.9806993], [12.9908131, 54.9808966], [12.9908152, 54.9810223], [12.9908018, 54.9811478], [12.9907795, 54.9812092], [12.9907953, 54.9813075], [12.9907956, 54.9813524], [12.9907755, 54.9814686], [12.990776, 54.9815314], [12.9907446, 54.9816558], [12.9907491, 54.9816915], [12.9907361, 54.9817539], [12.9907298, 54.9819062], [12.9907094, 54.9820314], [12.9906932, 54.9821927], [12.9906977, 54.9822465], [12.99066, 54.9825511], [12.9906454, 54.9827306], [12.9906472, 54.9828024], [12.9906391, 54.9829011], [12.9906151, 54.9830712], [12.9906181, 54.983134], [12.9905558, 54.9835993], [12.9905593, 54.9836621], [12.9905492, 54.9839316], [12.9905516, 54.9840124], [12.9905266, 54.9842005], [12.9905235, 54.9842993], [12.9904955, 54.9844149], [12.9904888, 54.9845495], [12.9904663, 54.9846836], [12.9904674, 54.9848093], [12.9904533, 54.9848807], [12.9904316, 54.9850959], [12.990415, 54.9853832], [12.9904005, 54.9854907], [12.9903857, 54.9858767], [12.9903416, 54.9860999], [12.9903119, 54.9863238], [12.9903028, 54.9865483], [12.9902888, 54.9866286], [12.9902826, 54.9867094], [12.9902884, 54.9867991], [12.9902708, 54.9868884], [12.9902615, 54.987005], [12.9902417, 54.9871032], [12.9902209, 54.9874712], [12.9901936, 54.9875777], [12.9901933, 54.9876495], [12.9901834, 54.9877121], [12.9901853, 54.987757], [12.9901701, 54.9878102], [12.9901652, 54.9879987], [12.9901476, 54.9880879], [12.990149, 54.9882046], [12.9901283, 54.9883296], [12.9901289, 54.9883924], [12.9901163, 54.9884639], [12.9901039, 54.9886255], [12.9901023, 54.9888141], [12.9900778, 54.9888845], [12.9900677, 54.988947], [12.9900308, 54.9889965], [12.9900248, 54.9890141], [12.9900352, 54.9890946], [12.9900286, 54.9891754], [12.9900305, 54.9892472], [12.9900418, 54.9893278], [12.9900392, 54.9894803], [12.9900025, 54.989794], [12.9900033, 54.9898838], [12.9899922, 54.9899373], [12.9899927, 54.9899552], [12.9900077, 54.98999], [12.9899786, 54.9900407], [12.9899884, 54.9900941], [12.989967, 54.9901465], [12.9899378, 54.9903433], [12.9899175, 54.9906035], [12.9899063, 54.9906751], [12.9899075, 54.9907739], [12.989899, 54.9908366], [12.989903, 54.9908814], [12.9898963, 54.9909351], [12.9899013, 54.9909889], [12.9898822, 54.9910961], [12.9898899, 54.9911948], [12.9898819, 54.9913204], [12.9898863, 54.9913922], [12.9898689, 54.9914633], [12.9898531, 54.9916247], [12.9898263, 54.9917765], [12.9898131, 54.9918841], [12.989813, 54.991938], [12.9897737, 54.9920524], [12.9897813, 54.992124], [12.9897638, 54.9922313], [12.9897697, 54.992276], [12.9897524, 54.9923653], [12.9897547, 54.9924999], [12.9897419, 54.9925533], [12.9897355, 54.992661], [12.9896978, 54.9929296], [12.9896992, 54.9931001], [12.989681, 54.9932164], [12.9896772, 54.9933422], [12.9896572, 54.993404], [12.9896468, 54.9936371], [12.9896226, 54.9937439], [12.9896154, 54.9938696], [12.9896003, 54.9939318], [12.9895992, 54.9940125], [12.9895839, 54.9940656], [12.9895754, 54.9941373], [12.9895776, 54.9942002], [12.9895684, 54.9942988], [12.989572, 54.9943796], [12.9895603, 54.9945322], [12.989565, 54.994622], [12.9895518, 54.9948734], [12.9895073, 54.9951776], [12.9895081, 54.9952584], [12.9894879, 54.9954827], [12.9894058, 54.9961006], [12.989394, 54.996316], [12.9893992, 54.9964328], [12.9893846, 54.9965402], [12.989372, 54.9967197], [12.9893422, 54.9968623], [12.9893317, 54.9969519], [12.9893284, 54.9972032], [12.9892946, 54.9973998], [12.9892926, 54.9974806], [12.9892782, 54.997579], [12.9892802, 54.9976239], [12.9892719, 54.9976776], [12.9892697, 54.9978213], [12.98925, 54.9979465], [12.989213, 54.9983952], [12.9891863, 54.9985921], [12.9891709, 54.9987985], [12.9891509, 54.9989328], [12.9891553, 54.9989955], [12.9891423, 54.999067], [12.9891432, 54.9991208], [12.9891165, 54.9993088], [12.9891102, 54.9994076], [12.9890828, 54.9995505], [12.9890655, 54.9997028], [12.9890688, 54.9997476], [12.9890343, 55.0000433], [12.9890362, 55.0000702], [12.9890573, 55.000141], [12.9890295, 55.0002565], [12.9890372, 55.0003732], [12.9890056, 55.0005157], [12.9889971, 55.0006234], [12.9889989, 55.0006952], [12.9889585, 55.0011167], [12.9889409, 55.0012421], [12.9889305, 55.0014126], [12.9888835, 55.0017619], [12.9888718, 55.0019145], [12.9888761, 55.0020313], [12.9888613, 55.0022826], [12.9888221, 55.002497], [12.9888031, 55.002568], [12.9888069, 55.0027297], [12.9887988, 55.0027743], [12.9887865, 55.0028003], [12.9887763, 55.0029342], [12.9887866, 55.0029965], [12.9887924, 55.00314], [12.9887686, 55.003274], [12.9887516, 55.0033269], [12.9887258, 55.0034788], [12.9887362, 55.0035683], [12.988737, 55.0036761], [12.988698, 55.0038995], [12.9886842, 55.004052], [12.9886823, 55.0041418], [12.9886615, 55.0042399], [12.988651, 55.0043384], [12.988667, 55.0044003], [12.9886628, 55.004499], [12.9886492, 55.0045704], [12.9886563, 55.0046422], [12.9886536, 55.0047499], [12.9886374, 55.0048211], [12.9885884, 55.0049437], [12.988583, 55.0049704], [12.9885777, 55.005123], [12.988589, 55.0052485], [12.9885853, 55.0053381], [12.9885613, 55.0055262], [12.9885661, 55.0056159], [12.9885496, 55.0056781], [12.9885477, 55.0057229], [12.988539, 55.0057585], [12.9885382, 55.0058303], [12.9885188, 55.0059465], [12.9885029, 55.0060988], [12.9884958, 55.0062962], [12.9884753, 55.0064214], [12.9884575, 55.0066546], [12.9884626, 55.0067804], [12.9884418, 55.0069055], [12.9884277, 55.0071658], [12.9884138, 55.0073093], [12.988395, 55.0074165], [12.9883958, 55.0074794], [12.9883665, 55.0076492], [12.9883335, 55.007936], [12.9883287, 55.0080437], [12.9882967, 55.0083935], [12.9882823, 55.0084649], [12.9882683, 55.0086351], [12.9882477, 55.0087512], [12.9882377, 55.0088588], [12.9882001, 55.0089827], [12.9881409, 55.0090848], [12.9880853, 55.0092157], [12.9880377, 55.0093012], [12.9880267, 55.0093365], [12.9879805, 55.0094129], [12.987966, 55.0094751], [12.9879439, 55.0095182], [12.9879272, 55.0095803], [12.9878384, 55.0097709], [12.987785, 55.0099203], [12.9877551, 55.0099714], [12.9876844, 55.0100514], [12.9875956, 55.0101252], [12.9875243, 55.0101729], [12.9873243, 55.0103443], [12.987272, 55.0103776], [12.9872411, 55.0104088], [12.9871409, 55.010489], [12.9870001, 55.0106185], [12.9867809, 55.0107821], [12.986574, 55.010983], [12.9865149, 55.0110248], [12.986438, 55.0110695], [12.9863816, 55.0111125], [12.9862652, 55.0111724], [12.9861528, 55.011221], [12.985762, 55.0113699], [12.9854853, 55.0114871], [12.9850823, 55.0116415], [12.9849949, 55.0116793], [12.9848875, 55.011716], [12.9845441, 55.0118568], [12.9844749, 55.0118774], [12.9843761, 55.0119215], [12.9843097, 55.0119451], [12.9841199, 55.0120242], [12.9840518, 55.0120463], [12.9836068, 55.0122129], [12.9834427, 55.0122818], [12.9833492, 55.0123144], [12.9830659, 55.0124262], [12.9829926, 55.0124599], [12.982899, 55.0124923], [12.9828123, 55.0125307], [12.9827455, 55.0125539], [12.9826357, 55.0126044], [12.9821427, 55.0127949], [12.9820296, 55.0128429], [12.9819616, 55.012865], [12.9818743, 55.0129029], [12.9817925, 55.012929], [12.9817221, 55.0129645], [12.981617, 55.0130034], [12.9815168, 55.0130465], [12.9813827, 55.0130926], [12.9808577, 55.0133036], [12.9805154, 55.0134296], [12.9796566, 55.0137892], [12.9793589, 55.0139048], [12.9791973, 55.0139755], [12.9789545, 55.0140737], [12.9788609, 55.0141064], [12.9785919, 55.0142144], [12.9781087, 55.0143969], [12.9774246, 55.0146652], [12.9773244, 55.0147082], [12.9770262, 55.0148236], [12.9769066, 55.0148661], [12.9761057, 55.0151796], [12.9759679, 55.0152387], [12.9758475, 55.0152806], [12.9757857, 55.015308], [12.9754107, 55.0154545], [12.9753364, 55.0154873], [12.9747122, 55.0157264], [12.9744588, 55.0158317], [12.9743139, 55.0158848], [12.9741369, 55.0159588], [12.9739273, 55.016037], [12.9738527, 55.0160697], [12.9736425, 55.0161474], [12.9735439, 55.0161916], [12.973218, 55.0163155], [12.9729263, 55.0164362], [12.9724582, 55.0166156], [12.9721501, 55.0167385], [12.9720047, 55.0167911], [12.9719068, 55.0168357], [12.9716564, 55.0169275], [12.971533, 55.0169826], [12.9711628, 55.0171329], [12.9705416, 55.0173747], [12.9704744, 55.0173976], [12.9703506, 55.0174522], [12.9702832, 55.0174749], [12.970107, 55.0175494], [12.9695268, 55.017778], [12.9694452, 55.0178045], [12.9693076, 55.0178637], [12.9691865, 55.0179048], [12.9691132, 55.0179384], [12.9689293, 55.0180065], [12.9685993, 55.0181427], [12.9685057, 55.0181753], [12.9683288, 55.0182493], [12.9680275, 55.018362], [12.9675518, 55.0185511], [12.9674006, 55.0186149], [12.9670638, 55.0187457], [12.9668004, 55.0188425], [12.9658616, 55.0192154], [12.9652255, 55.0194604], [12.96514, 55.0194995], [12.9646083, 55.019705], [12.9640069, 55.0199476], [12.963902, 55.0199866], [12.9638154, 55.0200251], [12.9634944, 55.0201533], [12.9634096, 55.0201929], [12.9632764, 55.0202399], [12.9632135, 55.0202666], [12.9631449, 55.0202879], [12.9627716, 55.0204358], [12.9627047, 55.020459], [12.9623891, 55.0205913], [12.9621674, 55.0206754], [12.9617176, 55.0208544], [12.9616177, 55.0208975], [12.9608527, 55.0211934], [12.9606883, 55.0212621], [12.960518, 55.0213257], [12.9602748, 55.0214236], [12.9599996, 55.0215263], [12.9598997, 55.0215695], [12.9596813, 55.0216565], [12.959601, 55.0216843], [12.9588463, 55.0219889], [12.9583786, 55.0221686], [12.9582923, 55.0222072], [12.9581987, 55.0222398], [12.9576489, 55.022462], [12.95722, 55.0226268], [12.9569135, 55.022751], [12.9568328, 55.0227784], [12.9566184, 55.0228686], [12.9565102, 55.0229046], [12.9563209, 55.0229839], [12.9561886, 55.0230317], [12.9561162, 55.023066], [12.9559704, 55.0231183], [12.9555091, 55.0233034], [12.9549506, 55.0235183], [12.95485, 55.023561], [12.9547707, 55.0235897], [12.9547234, 55.0236132], [12.9546555, 55.0236354], [12.9543837, 55.023741], [12.9543096, 55.0237741], [12.9537534, 55.0239911], [12.9535764, 55.0240651], [12.9533297, 55.0241602], [12.953204, 55.0242136], [12.9531241, 55.0242419], [12.9528057, 55.024372], [12.9524647, 55.0244991], [12.9522885, 55.0245737], [12.9520383, 55.0246657], [12.9513723, 55.0249334], [12.9504664, 55.0252861], [12.9503565, 55.0253366], [12.9502892, 55.0253594], [12.9501362, 55.0254218], [12.9495639, 55.025641], [12.9494262, 55.0257003], [12.9491661, 55.0257999], [12.9485784, 55.0260379], [12.9483801, 55.0261096], [12.9483071, 55.0261434], [12.9482146, 55.026177], [12.9481287, 55.0262159], [12.9477621, 55.0263534], [12.9472362, 55.0265641], [12.9463272, 55.0269144], [12.946137, 55.0269932], [12.9459659, 55.0270562], [12.945791, 55.0271318], [12.945548, 55.02723], [12.9449904, 55.0274457], [12.9447225, 55.0275548], [12.9444077, 55.0276722], [12.9441257, 55.0277854], [12.9438391, 55.0278947], [12.9432146, 55.0281497], [12.9430296, 55.0282169], [12.942905, 55.0282712], [12.9420518, 55.0286048], [12.9418498, 55.0286732], [12.9417744, 55.0287052], [12.941668, 55.0287581], [12.9415013, 55.0288248], [12.9412126, 55.0289324], [12.9410986, 55.0289798], [12.9410049, 55.0290123], [12.9408404, 55.0290809], [12.9402316, 55.0293174], [12.9399272, 55.0294434], [12.9398475, 55.0294719], [12.939102, 55.0297685], [12.938722, 55.0299107], [12.9383631, 55.0300548], [12.9381023, 55.0301539], [12.9372327, 55.0305055], [12.936945, 55.0306138], [12.936796, 55.0306793], [12.9366685, 55.0307456], [12.9365608, 55.0308107], [12.9364423, 55.0308941], [12.9363889, 55.0309488], [12.9358992, 55.0315905], [12.9357411, 55.0317861], [12.9356933, 55.031862], [12.9356351, 55.0319256], [12.9354809, 55.032132], [12.9353811, 55.0322539], [12.935304, 55.0323717], [12.9350689, 55.0326852], [12.9349936, 55.0327937], [12.9348698, 55.0329488], [12.9347049, 55.0331817], [12.934532, 55.0333931], [12.9343907, 55.0335928], [12.9343045, 55.0336986], [12.9341745, 55.0338816], [12.9339403, 55.0341854], [12.9338939, 55.0342615], [12.9338154, 55.034339], [12.9337639, 55.0344237], [12.9337213, 55.0344816], [12.9336906, 55.0345511], [12.9334502, 55.0348533], [12.9333263, 55.0350281], [12.9332015, 55.0351829], [12.9331426, 55.0352758], [12.933059, 55.0353822], [12.9330012, 55.0354657], [12.9329478, 55.0355596], [12.932861, 55.0356749], [12.9328269, 55.0357347], [12.9328046, 55.035787], [12.9327681, 55.0358928], [12.9327602, 55.0359464], [12.9327481, 55.0359816], [12.9327155, 55.036051], [12.93268, 55.0361477], [12.932648, 55.0361982], [12.9326353, 55.0362696], [12.9326048, 55.036376], [12.932591, 55.0364834], [12.9325971, 55.03651], [12.9326283, 55.0365608], [12.9326816, 55.0366735], [12.9327282, 55.0367498], [12.9327571, 55.036838], [12.9327946, 55.0369252], [12.9328126, 55.0369501], [12.9329497, 55.0370809], [12.9330617, 55.0371674], [12.9331264, 55.0372288], [12.9331993, 55.0372872], [12.9333531, 55.0374332], [12.9336888, 55.0377148], [12.9339058, 55.0379123], [12.9341112, 55.0380819], [12.9342797, 55.0382333], [12.934746, 55.038616], [12.9358564, 55.039562], [12.9365724, 55.0401624], [12.9367666, 55.0403363], [12.937373, 55.0408491], [12.9379735, 55.0413424], [12.938149, 55.0415018], [12.9388476, 55.0420871], [12.9389208, 55.0421561], [12.9393632, 55.0425372], [12.9397347, 55.0428374], [12.940107, 55.043159], [12.9402273, 55.0432532], [12.9403673, 55.043383], [12.9404938, 55.0434856], [12.9405484, 55.0435401], [12.9407734, 55.0437238], [12.9408553, 55.0438003], [12.9409437, 55.0438744], [12.9410224, 55.0439303], [12.941182, 55.0440742], [12.9412383, 55.0441172], [12.9413095, 55.044187], [12.9414127, 55.0442659], [12.9417395, 55.0445511], [12.9418974, 55.0446739], [12.942011, 55.0447814], [12.942149, 55.0448904], [12.9423328, 55.0450574], [12.9426597, 55.0453096], [12.9429027, 55.0455402], [12.9430155, 55.0456263], [12.9431082, 55.0457096], [12.943182, 55.0457676], [12.9432608, 55.0458553], [12.9433745, 55.0459629], [12.9434705, 55.0460449], [12.9436352, 55.0461647], [12.9438489, 55.0463309], [12.9439167, 55.0464018], [12.9440252, 55.0465005], [12.9440936, 55.0465911], [12.944105, 55.0466171], [12.9441117, 55.0466978], [12.9441255, 55.0467692], [12.9441049, 55.0469483], [12.94411, 55.0471369], [12.9441277, 55.0473432], [12.9441225, 55.047433], [12.944129, 55.0475676], [12.9441385, 55.0476122], [12.9441582, 55.0476556], [12.9442027, 55.0477028], [12.9443865, 55.0478131], [12.9445448, 55.0479244], [12.9449563, 55.0481951], [12.9451156, 55.0483196]]}}, {"type": "Feature", "properties": {"osm_id": 889061693, "name": "HVDC Baltic Cable", "kind": "power", "operator": null}, "geometry": {"type": "LineString", "coordinates": [[12.7229932, 54.9605212], [12.7285038, 54.9757816], [12.7340713, 54.9914947], [12.7347103, 54.9922732], [12.7537269, 55.0103186], [12.7543523, 55.010899], [12.7544438, 55.0109925], [12.7545236, 55.0111096], [12.7545776, 55.0112416], [12.7545932, 55.0114678], [12.7546621, 55.0117276], [12.75467, 55.0119363], [12.7546433, 55.0121961], [12.7546485, 55.0123279], [12.7546882, 55.0132097], [12.7546645, 55.0142707], [12.7546352, 55.0145556], [12.7546891, 55.0160363], [12.7546598, 55.0168445], [12.7547215, 55.0178138], [12.7547114, 55.0183791], [12.7547443, 55.0186806], [12.7546973, 55.0193671], [12.7547208, 55.0198678], [12.7546944, 55.0202632], [12.7547725, 55.0262959], [12.7547536, 55.0333042], [12.7565568, 55.0388153], [12.7582187, 55.0437524], [12.7599378, 55.0489635], [12.7618912, 55.0549566], [12.7652345, 55.0651438], [12.7690663, 55.0768768], [12.769874, 55.0791456], [12.7705502, 55.081425], [12.7724471, 55.0881335], [12.7764856, 55.1024389], [12.7825905, 55.1234917], [12.7969817, 55.1280206], [12.8985072, 55.1518612], [12.9167857, 55.1708636], [12.9604731, 55.2214631], [13.0169277, 55.2865163], [13.0218629, 55.3684657], [13.0303223, 55.3796762], [13.0309693, 55.3804208], [13.0318934, 55.3814589]]}}, {"type": "Feature", "properties": {"osm_id": 895815033, "name": "Baltic 1", "kind": "power", "operator": "50Hertz Transmission"}, "geometry": {"type": "LineString", "coordinates": [[12.63, 54.6128083], [12.6297069, 54.6128288], [12.6291731, 54.6127962], [12.6282236, 54.6125531], [12.6268529, 54.6121173], [12.625508, 54.6116545], [12.6241637, 54.6111913], [12.6228158, 54.6107315], [12.6214759, 54.610264], [12.6201435, 54.6097893], [12.6188036, 54.6093219], [12.6174626, 54.6088555], [12.616119, 54.6083916], [12.6147727, 54.6079303], [12.613438, 54.607458], [12.6120889, 54.6069995], [12.6107505, 54.6065307], [12.6093895, 54.6060839], [12.6080526, 54.6056135], [12.6067104, 54.6051486], [12.605372, 54.6046797], [12.6040198, 54.6042243], [12.6026882, 54.603749], [12.6013433, 54.6032865], [12.6000023, 54.6028203], [12.5986612, 54.6023543], [12.5973187, 54.6018896], [12.5959768, 54.6014243], [12.5946337, 54.6009602], [12.5932872, 54.6004995], [12.5919599, 54.60002], [12.5906035, 54.599569], [12.5892681, 54.5990975], [12.587936, 54.5986228], [12.5865955, 54.5981562], [12.5852509, 54.5976937], [12.5839091, 54.5972286], [12.5825652, 54.5967653], [12.5812355, 54.5962884], [12.5798852, 54.5958315], [12.5785465, 54.5953634], [12.5772057, 54.5948972], [12.5758748, 54.5944216], [12.5745245, 54.5939646], [12.573173, 54.5935089], [12.5718354, 54.5930398], [12.5705103, 54.5925585], [12.569165, 54.5920968], [12.5678205, 54.5916345], [12.566481, 54.5911672], [12.565143, 54.5906984], [12.5638068, 54.5902279], [12.5624674, 54.5897607], [12.561125, 54.5892964], [12.5597912, 54.5888236], [12.5584517, 54.5883564], [12.5571073, 54.587894], [12.5557753, 54.5874198], [12.5544324, 54.5869557], [12.5530857, 54.5864958], [12.5517557, 54.5860195], [12.5504125, 54.585556], [12.5490801, 54.5850821], [12.5477333, 54.5846221], [12.5463966, 54.5841524], [12.5450516, 54.5836908], [12.5437132, 54.5832227], [12.5423742, 54.5827551], [12.5410351, 54.5822878], [12.5396953, 54.5818212], [12.5383548, 54.5813553], [12.537018, 54.5808856], [12.5356805, 54.5804168], [12.5343383, 54.5799526], [12.5330035, 54.5794812], [12.531662, 54.5790163], [12.5303199, 54.5785519], [12.5289679, 54.5780972], [12.5275087, 54.5778212], [12.5259592, 54.5777412], [12.524414, 54.5778739], [12.5228705, 54.5780136], [12.5213258, 54.5781484], [12.5197795, 54.5782771], [12.5182346, 54.5784113], [12.5166894, 54.578544], [12.5151588, 54.5784416], [12.5138059, 54.5779878], [12.5124363, 54.5775515], [12.5110783, 54.5771031], [12.5097185, 54.5766565], [12.5083496, 54.5762194], [12.5069854, 54.5757775], [12.5056226, 54.5753341], [12.5042581, 54.5748925], [12.5028917, 54.5744529], [12.5015317, 54.5740066], [12.5001635, 54.573569], [12.4987999, 54.5731266], [12.4974403, 54.57268], [12.4960724, 54.5722421], [12.4947103, 54.5717981], [12.4933475, 54.5713548], [12.4919822, 54.5709142], [12.490622, 54.5704684], [12.4892582, 54.5700262], [12.4878925, 54.569586], [12.486525, 54.5691476], [12.4855201, 54.5684742], [12.4846831, 54.5677082], [12.4838318, 54.5669475], [12.4829948, 54.5661813], [12.4821559, 54.565416], [12.481317, 54.5646506], [12.4804905, 54.5638809], [12.4796417, 54.5631191], [12.4787992, 54.5623551], [12.4779621, 54.5615892], [12.4771149, 54.560827], [12.4762867, 54.5600577], [12.4754473, 54.5592925], [12.4746121, 54.5585259], [12.4737735, 54.5577605], [12.4729341, 54.5569954], [12.472098, 54.5562291], [12.4712536, 54.5554659], [12.4704216, 54.5546981], [12.4695841, 54.5539323], [12.4687449, 54.5531672], [12.4679074, 54.5524014], [12.4670674, 54.5516366], [12.4662307, 54.5508705], [12.4653969, 54.5501034], [12.464551, 54.5493408], [12.4637141, 54.5485749], [12.4628793, 54.5478081], [12.4620346, 54.547045], [12.4611943, 54.5462804], [12.4603634, 54.5455122], [12.459524, 54.5447472], [12.4586859, 54.5439818], [12.4579158, 54.5432009], [12.4574533, 54.5423436], [12.4570211, 54.541481], [12.4565738, 54.5406117], [12.4561233, 54.539743], [12.4556855, 54.5388813], [12.4552417, 54.5380207], [12.4547902, 54.5371521], [12.4543658, 54.5362882], [12.4539136, 54.5354292], [12.453489, 54.5345652], [12.45305, 54.5336945], [12.4526073, 54.5328337], [12.4521686, 54.5319653], [12.4519515, 54.5315665], [12.451294, 54.5312646], [12.4514633, 54.530891], [12.4513551, 54.5303937], [12.4509559, 54.5295176], [12.4505127, 54.5286568], [12.4500839, 54.5277937], [12.4496442, 54.5269325], [12.4492068, 54.5260709], [12.4487678, 54.5252095], [12.4483291, 54.524348], [12.4478912, 54.5234865], [12.4474555, 54.5226245], [12.4470182, 54.5217629], [12.4465785, 54.5209017], [12.4461397, 54.5200404], [12.4456782, 54.5191828], [12.4452517, 54.5183193], [12.4448513, 54.5174532], [12.4445795, 54.5165687], [12.4443105, 54.5156841], [12.444047, 54.5147988], [12.443784, 54.5139136], [12.4434982, 54.5130304], [12.4432456, 54.5121441], [12.4429747, 54.5112597], [12.4425556, 54.5103939], [12.4419082, 54.5095784], [12.4412881, 54.5087554], [12.4406406, 54.5079399], [12.4400125, 54.5071191], [12.4393717, 54.5063018], [12.4387379, 54.5054825], [12.4381746, 54.5046476], [12.4377076, 54.5037912], [12.4372479, 54.5029337], [12.4367911, 54.5020845], [12.43624, 54.501255], [12.4356816, 54.5004174], [12.4351313, 54.4995781], [12.4345857, 54.4987375], [12.4340228, 54.497901], [12.4334732, 54.4970615], [12.4329248, 54.4962217], [12.4323575, 54.4953861], [12.4318091, 54.4945463], [12.431251, 54.4937086], [12.4307016, 54.4928691], [12.4301581, 54.4920283], [12.4296035, 54.4911899], [12.4290385, 54.4903538], [12.4284953, 54.4895128], [12.4279467, 54.4886731], [12.427408, 54.4878312], [12.4268893, 54.4869848], [12.4263319, 54.4861471], [12.4257502, 54.4853148], [12.4251903, 54.4844775], [12.4246626, 54.4836331], [12.4241104, 54.4827846], [12.4235492, 54.4819381], [12.4229693, 54.4811055], [12.422395, 54.4802714], [12.421842, 54.479423], [12.4212892, 54.4785746], [12.4207492, 54.4777234], [12.420208, 54.4768821], [12.4196495, 54.4760446], [12.4190861, 54.4752083], [12.4185348, 54.4743692], [12.4179822, 54.4735304], [12.4174137, 54.472695], [12.4170928, 54.4718317], [12.4173435, 54.4709452], [12.4176054, 54.4700599], [12.417874, 54.4691752], [12.4181242, 54.4682885], [12.4183696, 54.4674016], [12.4184765, 54.4665067], [12.4184399, 54.4656085], [12.4183719, 54.4647109], [12.4182994, 54.4638134], [12.4181526, 54.4629203], [12.4174091, 54.4621332], [12.4166633, 54.4613468], [12.4159167, 54.4605607], [12.4151696, 54.4597645], [12.4144169, 54.4589803], [12.4136602, 54.4581872], [12.4129081, 54.4573926], [12.4121567, 54.4565979], [12.4114128, 54.455811], [12.4107487, 54.455006], [12.4103534, 54.4541376], [12.4099412, 54.4532718], [12.4095279, 54.4524062], [12.409124, 54.4515393], [12.4087093, 54.4506833], [12.4082165, 54.4498335], [12.4075801, 54.4490153], [12.4069543, 54.448194], [12.4063298, 54.4473727], [12.4056906, 54.4465552], [12.4050584, 54.4457357], [12.4044298, 54.4449154], [12.4038032, 54.4440947], [12.4031722, 54.4432749], [12.4025437, 54.4424547], [12.4019172, 54.4416337], [12.4012839, 54.4408146], [12.4006505, 54.4399956], [12.400009, 54.4391786], [12.3993887, 54.4383562], [12.3987577, 54.4375366], [12.3981283, 54.4367165], [12.3975026, 54.4358954], [12.3968709, 54.4350759], [12.396238, 54.4342567], [12.395606, 54.4334374], [12.3949851, 54.4326151], [12.3943511, 54.4317962], [12.3937264, 54.430975], [12.3931075, 54.4301521], [12.3924642, 54.4293258], [12.3918253, 54.4284985], [12.3911907, 54.4276798], [12.390566, 54.4268585], [12.3899396, 54.4260377], [12.3893079, 54.4252182], [12.3886767, 54.4243889], [12.388049, 54.4235586], [12.3874149, 54.4227299], [12.3867855, 54.4219099], [12.3861671, 54.4210772], [12.3855247, 54.4202605], [12.3848963, 54.4194402], [12.3842675, 54.41862], [12.3836356, 54.4177909], [12.3830053, 54.4169712], [12.3823645, 54.4161541], [12.3817376, 54.4153335], [12.3811108, 54.4145128], [12.3804742, 54.4136947], [12.3798505, 54.4128732], [12.3792235, 54.4120428], [12.3786008, 54.4112111], [12.3779672, 54.4103825], [12.3773343, 54.4095634], [12.3767012, 54.4087347], [12.3760709, 54.4079049], [12.3754439, 54.4070844], [12.374812, 54.4062552], [12.3741736, 54.4054278], [12.3735388, 54.4045995], [12.3728976, 54.4037727], [12.3719285, 54.4024636], [12.3711511, 54.4021838], [12.3711312, 54.4020777], [12.3712224, 54.4019528], [12.3712116, 54.4017248], [12.3711017, 54.4014576], [12.3704989, 54.4006305], [12.3698962, 54.3998037], [12.3692556, 54.3989866], [12.3686354, 54.3981643], [12.3680166, 54.3973416], [12.3673809, 54.3965233], [12.3667417, 54.395706], [12.3661159, 54.3948852], [12.3654994, 54.3940619], [12.3648676, 54.3932426], [12.3642575, 54.3924176], [12.3636087, 54.3916028], [12.3629957, 54.3907787], [12.3623735, 54.3899569], [12.361705, 54.3891472], [12.361086, 54.3883246], [12.36045, 54.3875064], [12.3598188, 54.3866772], [12.3591936, 54.3858562], [12.3585632, 54.3850366], [12.3579322, 54.3842171], [12.3573341, 54.3833891], [12.3566999, 54.3825706], [12.3560726, 54.3817501], [12.3554322, 54.3809331], [12.3548017, 54.3801135], [12.3541954, 54.3792876], [12.353548, 54.3784725], [12.3529538, 54.3776435], [12.3522851, 54.3768339], [12.3516886, 54.3760055], [12.3510768, 54.3751811], [12.350417, 54.3743692], [12.3497942, 54.3735476], [12.3491607, 54.3727289], [12.3485387, 54.3719072], [12.3479098, 54.3710872], [12.3472924, 54.3702642], [12.3466572, 54.3694459], [12.3460296, 54.3686257], [12.345414, 54.3678023], [12.3447806, 54.3669835], [12.3441601, 54.3661613], [12.3435229, 54.3653437], [12.3429072, 54.3645202], [12.3422888, 54.3636976], [12.3416386, 54.3628831], [12.3411209, 54.3620372], [12.340604, 54.361191], [12.3401217, 54.3603377], [12.3396203, 54.3594883], [12.3391002, 54.3586427], [12.3385748, 54.3577984], [12.3380444, 54.356955], [12.3375249, 54.3561095], [12.3370459, 54.3552554], [12.3365333, 54.3544084], [12.3360282, 54.3535598], [12.3353939, 54.3527401], [12.3347387, 54.3519274], [12.3340739, 54.3511171], [12.3333912, 54.3503121], [12.3327284, 54.3495014], [12.3320352, 54.3486993], [12.3313813, 54.347886], [12.3307176, 54.3470755], [12.3300379, 54.3462695], [12.3293649, 54.3454619], [12.3286799, 54.3446574], [12.3280026, 54.3438509], [12.3273514, 54.3430368], [12.326669, 54.3422318], [12.3259868, 54.3414266], [12.3253046, 54.3406216], [12.324641, 54.339811], [12.3239739, 54.3390015], [12.3232856, 54.3381981], [12.3226048, 54.3373927], [12.3219186, 54.3365886], [12.3212599, 54.3357767], [12.3205705, 54.3349737], [12.3198905, 54.3341679], [12.3192148, 54.333361], [12.3185522, 54.3325502], [12.317873, 54.3317443], [12.3171779, 54.3309328], [12.3164998, 54.3301166], [12.3158176, 54.3293016], [12.3151368, 54.3284861], [12.3144823, 54.327673], [12.313797, 54.3268688], [12.3131008, 54.3260677], [12.3124088, 54.3252755], [12.3117668, 54.3244588], [12.3111035, 54.3236485], [12.3104112, 54.3228463], [12.30974, 54.3220381], [12.3090468, 54.3212261], [12.3083864, 54.3204149], [12.3076777, 54.3196173], [12.3070106, 54.318808], [12.3063806, 54.3179881], [12.3056445, 54.3172084], [12.3049933, 54.3163945], [12.3043115, 54.3155893], [12.3036388, 54.3147816], [12.3029574, 54.3139763], [12.302279, 54.3131702], [12.3013869, 54.3124539], [12.3002372, 54.3118434], [12.2991441, 54.3112181], [12.2983651, 54.3104437], [12.2976324, 54.3096537], [12.2968619, 54.3088765], [12.2960815, 54.3081025], [12.2953218, 54.3073216], [12.2942957, 54.3066564], [12.2932088, 54.3060215], [12.2921094, 54.3053939], [12.2910206, 54.3047602], [12.2899265, 54.3041294], [12.2888284, 54.3035012], [12.2877265, 54.3028752], [12.2866246, 54.3022364], [12.2855178, 54.3016004], [12.2844274, 54.3009677], [12.2833295, 54.3003394], [12.2822231, 54.299716], [12.2811366, 54.299081], [12.2800502, 54.2984458], [12.2789589, 54.2978137], [12.27786, 54.2971859], [12.2767495, 54.2965523], [12.2756455, 54.2959149], [12.2745417, 54.2952774], [12.2734347, 54.2946416], [12.2723268, 54.2940065], [12.2712295, 54.2933652], [12.2701217, 54.2927302], [12.26903, 54.2920981], [12.2679273, 54.2914601], [12.2668181, 54.2908258], [12.2657182, 54.2901861], [12.2646132, 54.2895493], [12.2635084, 54.288914], [12.2624036, 54.2882845], [12.2612988, 54.287655], [12.2601601, 54.2870468], [12.2591415, 54.2865448], [12.2580078, 54.2859387], [12.2567905, 54.2853987], [12.255587, 54.2848263], [12.2543703, 54.2842637], [12.2531567, 54.2836988], [12.251948, 54.2831303], [12.2506491, 54.2826386], [12.2493498, 54.2821432], [12.2480373, 54.28166], [12.2467266, 54.281175], [12.2454195, 54.2806869], [12.2441072, 54.2802036], [12.2428041, 54.2797283], [12.2415, 54.2792374], [12.2401885, 54.2787533], [12.2388794, 54.2782671], [12.2375714, 54.2777798], [12.2362645, 54.2772913], [12.2349551, 54.2768055], [12.2336508, 54.2763139], [12.232487, 54.2757262], [12.2313094, 54.2751359], [12.2301383, 54.2745412], [12.2289733, 54.2739424], [12.2278012, 54.2733485], [12.2266332, 54.2727518], [12.2254664, 54.2721542], [12.2242928, 54.2715614], [12.2231327, 54.2709594], [12.2219528, 54.2703708], [12.2207765, 54.2697829], [12.2195275, 54.269254], [12.2182706, 54.2687229], [12.2170301, 54.2681787], [12.21577, 54.2676501], [12.2145197, 54.2671137], [12.2132751, 54.2665729], [12.2120304, 54.2660319], [12.2107761, 54.2654988], [12.2095265, 54.2649619], [12.2082732, 54.2644279], [12.2070212, 54.263893], [12.2057754, 54.2633532], [12.2045241, 54.2628329], [12.2032773, 54.2622939], [12.2020357, 54.2617506], [12.2007839, 54.2612156], [12.1995313, 54.2606811], [12.1982891, 54.2601385], [12.1971194, 54.2596054], [12.1958751, 54.2590649], [12.1946068, 54.2585446], [12.1933591, 54.258007], [12.1921092, 54.2574705], [12.1908922, 54.2569121], [12.1897848, 54.2563105], [12.1886711, 54.2556795], [12.1875799, 54.2550351], [12.1864684, 54.2544028], [12.1853821, 54.2537684], [12.1842827, 54.2531417], [12.1831679, 54.2525113], [12.1820682, 54.2518721], [12.1809547, 54.2512411], [12.1798644, 54.2505963], [12.1787482, 54.2499667], [12.1776394, 54.249333], [12.176528, 54.2487008], [12.1754257, 54.2480631], [12.1743099, 54.2474335], [12.1732083, 54.2467955], [12.172101, 54.2461608], [12.1710277, 54.2455195], [12.1700476, 54.2449859], [12.1690043, 54.2443311], [12.1679078, 54.243702], [12.1668134, 54.2430716], [12.1657121, 54.2424474], [12.1646182, 54.241817], [12.1635244, 54.2411868], [12.1624304, 54.2405582], [12.1613359, 54.239928], [12.1602433, 54.2392975], [12.1591459, 54.2386701], [12.1580552, 54.238038], [12.156946, 54.2374185], [12.1558599, 54.2367841], [12.1547627, 54.2361556], [12.1536765, 54.2355219], [12.1525883, 54.2348886], [12.1514944, 54.2342588], [12.1504015, 54.2336288], [12.1493057, 54.2330005], [12.1482139, 54.2323693], [12.1471202, 54.2317396], [12.146027, 54.2311101], [12.1449288, 54.230483], [12.1438454, 54.2298599], [12.1427515, 54.2292298], [12.1416483, 54.2286056], [12.1405624, 54.2279712], [12.1394701, 54.2273413], [12.138376, 54.2267118], [12.1372767, 54.2260849], [12.136192, 54.2254508], [12.1351006, 54.2248196], [12.1340068, 54.2241898], [12.1329112, 54.2235619], [12.1318175, 54.2229317], [12.1309591, 54.2222471], [12.1310664, 54.2213766], [12.1313586, 54.2204947], [12.1316476, 54.2196125], [12.1319378, 54.21873], [12.1322265, 54.2178479], [12.1325159, 54.2169658], [12.1328071, 54.2160836], [12.1330952, 54.2152008], [12.1333787, 54.2143184], [12.1337907, 54.2134654], [12.1343323, 54.2126494], [12.1343458, 54.2117599], [12.1343696, 54.2108602], [12.1344105, 54.2099667], [12.1344487, 54.2090761], [12.1344763, 54.2081836], [12.1345116, 54.2072859], [12.134546, 54.2063967], [12.1345888, 54.2055075], [12.1346427, 54.2046095], [12.1347163, 54.2037119], [12.1347831, 54.2028146], [12.1348333, 54.2019256], [12.1348991, 54.2010283], [12.13496, 54.2001305], [12.1350142, 54.1992324], [12.1350791, 54.1983351], [12.1351357, 54.1974643], [12.135113, 54.1965685], [12.1348955, 54.1956788], [12.1347188, 54.1947865], [12.1345657, 54.1943386], [12.1342117, 54.1937893], [12.1341956, 54.1936167], [12.1342921, 54.1934755], [12.134525, 54.1933161], [12.137082, 54.1922182]]}}, {"type": "Feature", "properties": {"osm_id": 901264740, "name": "Ostwind 2-3", "kind": "power", "operator": "50Hertz Transmission"}, "geometry": {"type": "LineString", "coordinates": [[13.9364616, 54.7590126], [13.9334046, 54.7676082], [13.9355349, 54.7701598], [13.936025, 54.771345], [13.9200625, 54.8181171], [13.9189482, 54.8191842], [13.9175749, 54.8200434], [13.9161587, 54.8205812], [13.9144742, 54.8209212], [13.9131868, 54.8210015], [13.9118993, 54.8210015], [13.9096033, 54.8206801], [13.904432, 54.8199816], [13.8993517, 54.8209917]]}}, {"type": "Feature", "properties": {"osm_id": 901264741, "name": "Ostwind 2-1", "kind": "power", "operator": "50Hertz Transmission"}, "geometry": {"type": "LineString", "coordinates": [[13.9368207, 54.7576419], [13.9348263, 54.7588727], [13.9331102, 54.7604914], [13.9314043, 54.7611105], [13.9293122, 54.7616502], [13.7165383, 54.8106483], [13.6942267, 54.820345], [13.67714, 54.8172808]]}}, {"type": "Feature", "properties": {"osm_id": 1005231146, "name": "HVDC NordBalt", "kind": "power", "operator": null}, "geometry": {"type": "LineString", "coordinates": [[21.152367, 55.6381161], [21.132406, 55.6324537]]}}, {"type": "Feature", "properties": {"osm_id": 1025227913, "name": "HVDC SwePol", "kind": "power", "operator": null}, "geometry": {"type": "LineString", "coordinates": [[16.7841167, 54.5738667], [16.7810529, 54.5775733], [16.8012456, 54.5912873], [16.8284124, 54.6097305], [16.8451167, 54.6210667], [16.85016, 54.6426129], [16.8541667, 54.6597222], [16.8646202, 54.6955162], [16.8858333, 54.7680556], [16.9062195, 54.8334903], [16.92635, 54.898], [16.9151333, 54.9695333], [16.8461111, 55.0283333], [16.7652133, 55.1024809], [16.7552778, 55.1047222], [16.5610715, 55.2070407], [16.42527, 55.2784325], [16.3139096, 55.3368798], [16.2825, 55.3525], [16.2302727, 55.3718024], [16.0704193, 55.4354813], [15.948712, 55.4838956], [15.7962101, 55.5425769], [15.6311408, 55.6059954], [15.465, 55.6697222], [15.2528508, 55.7509517], [15.1427909, 55.7930258], [15.03235, 55.8352], [15.0112189, 55.9241908], [14.9935228, 55.9985588], [14.98465, 56.0415833], [14.9860167, 56.04965], [14.9786631, 56.0764873], [14.9181427, 56.1035242], [14.8828326, 56.1258865], [14.869517, 56.1252086], [14.8577333, 56.1270667], [14.8452732, 56.1304634], [14.840391, 56.1330526], [14.8382209, 56.1355976], [14.8374792, 56.1364675], [14.8373233, 56.1367603]]}}, {"type": "Feature", "properties": {"osm_id": 1062191453, "name": "Baltic 2", "kind": "power", "operator": "50Hertz Transmission"}, "geometry": {"type": "LineString", "coordinates": [[13.1617938, 54.972032], [13.1618568, 54.9718527], [13.1627402, 54.9712795], [13.1665349, 54.9619938], [13.1665349, 54.9613285], [13.1636596, 54.9586428], [13.1522012, 54.9552423], [13.1315589, 54.9511144], [13.10287, 54.9455688], [13.0821205, 54.9442994], [13.0701471, 54.9436462], [13.0693531, 54.9317263], [13.0686665, 54.921073], [13.0679155, 54.9100222], [13.0672932, 54.902497], [13.0667568, 54.8940572], [13.066113, 54.8847517], [13.0654478, 54.8779872], [13.0647827, 54.8683323], [13.064332, 54.8613798], [13.0634737, 54.8496702], [13.0626154, 54.8411329], [13.0483032, 54.8322601], [13.0360723, 54.8250294], [13.0245281, 54.8180941], [13.0105806, 54.8097233], [12.9957104, 54.8010538], [12.9801536, 54.791665], [12.9655409, 54.7829793], [12.9624296, 54.781185], [12.937367, 54.7707271], [12.9225612, 54.764451], [12.8979493, 54.754286], [12.8756118, 54.7449977], [12.8528452, 54.7356207], [12.8268171, 54.7248288], [12.8033209, 54.7151123], [12.7801037, 54.7054804], [12.760942, 54.698289], [12.7434755, 54.6913444], [12.7339483, 54.6875864], [12.7276612, 54.6850065], [12.7118898, 54.6788784], [12.6987577, 54.6620524], [12.6732016, 54.6437792], [12.6509715, 54.6275971], [12.6384188, 54.6185781], [12.6321208, 54.6140077], [12.63152, 54.613169], [12.6309998, 54.612937], [12.63, 54.6128083]]}}, {"type": "Feature", "properties": {"osm_id": 1205463623, "name": "Ostwind 2", "kind": "power", "operator": "50Hertz Transmission"}, "geometry": {"type": "LineString", "coordinates": [[13.6587555, 54.1539121], [13.6479162, 54.1636276], [13.6507486, 54.1851045], [13.7224387, 54.2090049], [13.7216018, 54.2318128], [13.7264513, 54.2374564], [13.7788295, 54.2752485], [13.8532446, 54.3289127], [13.8397692, 54.348853], [13.8663337, 54.3706587], [13.8585662, 54.3843563], [13.8580941, 54.3899041], [13.8509272, 54.4784414], [13.8479231, 54.5073299], [13.8395117, 54.5279557], [13.8232037, 54.6176112], [13.8498973, 54.6726647], [13.8629865, 54.6986136], [13.8750025, 54.7227863], [13.9369644, 54.7560372], [13.9368207, 54.7576419], [13.9364358, 54.7590678]]}}, {"type": "Feature", "properties": {"osm_id": 1245508146, "name": "Baltic 1", "kind": "power", "operator": "50Hertz Transmission"}, "geometry": {"type": "LineString", "coordinates": [[12.63, 54.6128083], [12.6299713, 54.6127775], [12.6293835, 54.6125414], [12.6289373, 54.6123687], [12.6198438, 54.6092759], [12.6142118, 54.6073371], [12.6080449, 54.6051509], [12.6018996, 54.6029868], [12.5934785, 54.6001584], [12.5880114, 54.5982639], [12.5818256, 54.59604], [12.5762297, 54.5941365], [12.5620615, 54.5892295], [12.5480717, 54.5843393], [12.5298542, 54.5780717], [12.5282335, 54.577441], [12.5269896, 54.5774311], [12.5257021, 54.5774374], [12.5163681, 54.5782396], [12.5150377, 54.5780219], [12.489428, 54.5697195], [12.4864561, 54.5687182], [12.479772, 54.5626099], [12.4676377, 54.5515791], [12.4585772, 54.543234], [12.4526925, 54.5318586], [12.4522096, 54.5309529], [12.4518662, 54.5302213], [12.4482292, 54.523413], [12.4453539, 54.5177961], [12.4443025, 54.5144082], [12.4433154, 54.5110449], [12.4388093, 54.5050152], [12.4374789, 54.502162], [12.4301189, 54.4912332], [12.4242395, 54.482346], [12.417695, 54.4726214], [12.4175018, 54.4717236], [12.4188751, 54.4673841], [12.4185747, 54.4629195], [12.4133605, 54.4573816], [12.4113542, 54.4549554], [12.4114501, 54.4534247], [12.4087471, 54.4498718], [12.4080276, 54.4487089], [12.4078667, 54.4475362], [12.4066651, 54.4469685], [12.4013013, 54.4400522], [12.3939199, 54.4302177], [12.3836416, 54.4167601], [12.3781485, 54.4096425], [12.3728109, 54.4027423], [12.3721993, 54.4019586], [12.3711747, 54.4007876], [12.363686, 54.3908062], [12.3539228, 54.378273], [12.3451251, 54.3666111], [12.3375505, 54.3554085], [12.3364347, 54.3533327], [12.3308772, 54.3464418], [12.3231739, 54.337423], [12.3148483, 54.3275514], [12.3062867, 54.3170641], [12.30236, 54.3122075], [12.2999352, 54.3107554], [12.3004389, 54.3093632], [12.2956866, 54.3069247], [12.2819966, 54.2985609], [12.2688002, 54.2913602], [12.2526855, 54.2827929], [12.2458619, 54.2802123], [12.2341246, 54.2760404], [12.2225803, 54.269951], [12.2115511, 54.2652267], [12.1994704, 54.2602387], [12.1912736, 54.2566916], [12.1804589, 54.2504238], [12.164473, 54.241083], [12.1503538, 54.2328689], [12.1357411, 54.2246532], [12.1322972, 54.2227213], [12.1314389, 54.2220878], [12.1335095, 54.2156077], [12.1340775, 54.2139363], [12.1348506, 54.2128662], [12.1349043, 54.2074388], [12.1356553, 54.1968581], [12.1352637, 54.1948528], [12.1350324, 54.1941942], [12.1349788, 54.1940655], [12.1348205, 54.1939808], [12.1344852, 54.193805], [12.1344316, 54.1936183], [12.134569, 54.1935032], [12.1372914, 54.192346]]}}, {"type": "Feature", "properties": {"osm_id": 1268320346, "name": "Abildskov-S\u00f8nderborg 150 kV", "kind": "power", "operator": "Energinet.dk"}, "geometry": {"type": "LineString", "coordinates": [[9.9740651, 54.9943025], [9.9756456, 54.996631]]}}, {"type": "Feature", "properties": {"osm_id": 1268320347, "name": "Abildskov-S\u00f8nderborg 150 kV", "kind": "power", "operator": "Energinet.dk"}, "geometry": {"type": "LineString", "coordinates": [[10.0748725, 55.0758833], [10.0754219, 55.0763117]]}}, {"type": "Feature", "properties": {"osm_id": 1271825074, "name": "Ostwind 1-3 Ltg 282", "kind": "power", "operator": "50Hertz Transmission"}, "geometry": {"type": "LineString", "coordinates": [[14.0310058, 54.780275], [14.0302706, 54.7815707], [14.0316523, 54.7836462], [14.0315217, 54.785044], [14.0228177, 54.8101706], [14.018047, 54.8234057], [14.0183079, 54.8246854], [14.0192945, 54.8258577], [14.020282, 54.8264963], [14.0220351, 54.8270978], [14.0386176, 54.8290734], [14.0440893, 54.8297285], [14.0515351, 54.8299015], [14.0555048, 54.8295554], [14.0581226, 54.8295184], [14.0601825, 54.8297903], [14.0615321, 54.8302689], [14.0633959, 54.8310509], [14.0687925, 54.8333405], [14.0735467, 54.8344844], [14.0738431, 54.834547], [14.0738518, 54.8345535], [14.0737358, 54.8346423], [14.0737257, 54.8346922], [14.0738203, 54.8347316], [14.0739, 54.8347173], [14.0737831, 54.8346798]]}}, {"type": "Feature", "properties": {"osm_id": 1271825075, "name": "Ostwind 1-2 Ltg 261", "kind": "power", "operator": "50Hertz Transmission"}, "geometry": {"type": "LineString", "coordinates": [[14.097861, 54.7869293], [14.0896631, 54.7836273], [14.0727054, 54.7782611], [14.0608827, 54.7738626], [14.0533161, 54.77292], [14.0431276, 54.7717289], [14.0402698, 54.7722764], [14.0385364, 54.7736368], [14.0364074, 54.7774003], [14.0310058, 54.780275]]}}, {"type": "Feature", "properties": {"osm_id": 1271825076, "name": "Ostwind 1-1 Ltg 281", "kind": "power", "operator": "50Hertz Transmission"}, "geometry": {"type": "LineString", "coordinates": [[14.0310058, 54.780275], [14.0340471, 54.7815584], [14.0348675, 54.7830309], [14.0345647, 54.7848887], [14.0317548, 54.7933519], [14.0318155, 54.7941784], [14.0323734, 54.795199], [14.0333712, 54.7959165], [14.0349976, 54.7966621], [14.0684556, 54.801147], [14.0904816, 54.8059627], [14.0913445, 54.8067377], [14.0921811, 54.8080481], [14.0917635, 54.8098034], [14.0857822, 54.8147618], [14.0825844, 54.8189369], [14.0823054, 54.8204452], [14.0827131, 54.8220276], [14.0857715, 54.8267784], [14.0859511, 54.8306174], [14.0853685, 54.8314434], [14.0844887, 54.8321726], [14.0838772, 54.8324815], [14.0831423, 54.8327689], [14.0816546, 54.8332487], [14.0803796, 54.833464], [14.0787864, 54.833498], [14.0771073, 54.8332632], [14.076131, 54.8332663], [14.0757126, 54.8333436], [14.0749401, 54.8337483], [14.074458, 54.8340939], [14.0741844, 54.8343461], [14.0740778, 54.8344272], [14.0740503, 54.8344724], [14.0739933, 54.8344929], [14.0737995, 54.8346335], [14.0738102, 54.8346663], [14.0737831, 54.8346798]]}}, {"type": "Feature", "properties": {"osm_id": 1271825077, "name": "Ostwind 1-3 Ltg 265", "kind": "power", "operator": "50Hertz Transmission"}, "geometry": {"type": "LineString", "coordinates": [[14.0737831, 54.8346798], [14.0737613, 54.8346443], [14.0737981, 54.8346099], [14.0738504, 54.8345697], [14.0739631, 54.8344898], [14.0741368, 54.8343624], [14.0741763, 54.8343778], [14.0745699, 54.8341824], [14.0754792, 54.8337328], [14.0764507, 54.8335106], [14.0772736, 54.8336216], [14.0788829, 54.833875], [14.0817314, 54.8338224], [14.0830591, 54.833655], [14.0839845, 54.8333837], [14.0848213, 54.8330655], [14.0856528, 54.8327009], [14.0862107, 54.8323332], [14.0868813, 54.8315608], [14.0874346, 54.8301865], [14.0874392, 54.8279208], [14.0871334, 54.8259833], [14.0844216, 54.8217088], [14.0840649, 54.8192955], [14.0873751, 54.815233], [14.0937218, 54.8097028], [14.0967667, 54.8070513], [14.0988922, 54.8062133], [14.1013384, 54.8050261], [14.1025185, 54.8036038], [14.1025185, 54.8022309], [14.1001082, 54.7978902], [14.0989351, 54.7915558], [14.1006732, 54.7876338], [14.1001582, 54.7870894], [14.097861, 54.7869293]]}}, {"type": "Feature", "properties": {"osm_id": 1271825078, "name": "Ostwind 2-2", "kind": "power", "operator": "50Hertz Transmission"}, "geometry": {"type": "LineString", "coordinates": [[13.9368207, 54.7576419], [13.9395475, 54.7590304], [13.9367959, 54.7673515], [13.9369619, 54.7683464], [13.9377558, 54.7696028], [13.937882, 54.7706672], [13.9216554, 54.818103], [13.9209974, 54.8189246], [13.9200747, 54.8197343], [13.918798, 54.8205132], [13.9170599, 54.8211993], [13.9154613, 54.8215578], [13.9135837, 54.8217433], [13.9114916, 54.8216938], [13.9100861, 54.8215269], [13.90926, 54.8213538], [13.9046788, 54.8203463], [13.9003562, 54.8212649], [13.8993517, 54.8209917]]}}, {"type": "Feature", "properties": {"osm_id": 967781385, "name": "Baltika (Kingisepp - Kaliningrad)", "kind": "telecom", "operator": "Rostelecom"}, "geometry": {"type": "LineString", "coordinates": [[26.4748151, 59.9473283], [26.4451028, 59.9635667], [26.4244444, 59.9733333], [26.3886556, 59.9903], [26.3622389, 59.9992694], [26.3557222, 60.0026194], [26.35, 60.0041667], [26.3376667, 60.0076667], [26.3033333, 60.0005556], [26.2795, 59.9956667], [26.1491667, 59.9808333], [26.0753333, 59.9516667], [26.0, 59.9105556], [25.9695, 59.8938333], [25.9248333, 59.8791667], [25.6776667, 59.879], [25.6301667, 59.8828333], [25.5501667, 59.8798333], [25.4008333, 59.8866667], [25.2965, 59.886], [25.2166667, 59.8916667], [25.1833333, 59.894], [25.0133333, 59.8797222], [24.9813333, 59.877], [24.885, 59.8575], [24.8688333, 59.8596667], [24.8135, 59.8501667], [24.789, 59.8395], [24.7631667, 59.8383333], [24.73, 59.8283333], [24.6166667, 59.795], [24.5741667, 59.7816667], [24.5591667, 59.7771667], [24.4531667, 59.7606667], [24.3991667, 59.7365], [24.0833333, 59.6611111], [24.0086667, 59.6431667], [24.0, 59.6419444], [23.4575, 59.56], [23.2175, 59.5333333], [23.201, 59.5315], [23.1708333, 59.5318333], [23.1085, 59.5151667], [23.0721667, 59.5116667], [23.0, 59.4955556], [22.9526667, 59.4851667], [22.7833333, 59.4663889], [22.7471667, 59.4625], [22.579, 59.4355], [22.5666667, 59.4311111], [22.5635, 59.4298333], [22.3261667, 59.394], [22.2905, 59.3975], [22.2336667, 59.4485], [22.1948333, 59.4515], [22.1191667, 59.433], [22.0, 59.4122222], [21.9375, 59.4015], [21.7633333, 59.3766667], [21.75, 59.375], [21.7385, 59.3731667], [21.7063333, 59.3648333], [21.15, 59.2872222], [21.1375, 59.2853333], [21.0827778, 59.2666667], [21.0201667, 59.2453333], [20.9831667, 59.223], [20.9371667, 59.1695], [20.7746667, 59.1111667], [20.726, 59.0876667], [20.5, 58.965], [20.4806667, 58.9545], [20.4406667, 58.9196667], [20.2365, 58.7418333], [20.2455, 58.7155], [20.3335, 58.6796667], [20.343, 58.6563333], [20.2886111, 58.55], [20.2630556, 58.5], [20.2208333, 58.4166667], [20.0018333, 57.9833333], [19.7519444, 57.7166667], [19.75, 57.7144444], [19.6281667, 57.5838333], [19.6277778, 57.5833333], [19.5263333, 57.4401667], [19.5116667, 57.3666667], [19.475, 57.1668333], [19.5075, 57.1333333], [19.5561111, 57.0833333], [19.5594444, 57.08], [19.6233333, 57.0141667], [19.5533333, 56.8833333], [19.5077778, 56.8], [19.4986111, 56.7833333], [19.479, 56.7466667], [19.4166667, 56.7036111], [19.3, 56.6225], [19.0881667, 56.4751667], [19.0833333, 56.4730556], [18.6647222, 56.3], [18.6128333, 56.2785], [18.6108333, 55.9206667], [18.8333333, 55.9022222], [18.9485639, 55.8926806], [18.9997139, 55.8884278], [19.0312778, 55.8786278], [19.0662278, 55.8665778], [19.0759944, 55.8636611], [19.0833333, 55.8611111], [19.0904111, 55.8587278], [19.1199444, 55.8516111], [19.1648583, 55.8340444], [19.2808389, 55.7976583], [19.3, 55.7913889], [19.4752778, 55.7333333], [19.5255556, 55.7166667], [19.5980639, 55.6926194], [19.6504472, 55.6796694], [19.6791639, 55.6768361], [19.7217639, 55.68625], [19.7468972, 55.6866667], [19.8008333, 55.6666667], [19.8166111, 55.66085], [19.8317833, 55.6567167], [19.8522222, 55.65], [19.95, 55.6180556], [19.9541667, 55.6166667], [19.9705083, 55.6112972], [20.0, 55.6013889], [20.0166667, 55.5958333], [20.1454556, 55.5526278], [20.1592528, 55.5480611], [20.2375361, 55.5191778], [20.2574194, 55.5149444], [20.2739167, 55.508275], [20.2796167, 55.4821278], [20.2925833, 55.4672944], [20.3169472, 55.4603417], [20.3355806, 55.4546583], [20.3474306, 55.4515583], [20.3540139, 55.449075], [20.4025139, 55.4334917], [20.5103778, 55.3949556], [20.5323583, 55.3859389], [20.5522417, 55.3807389], [20.5680917, 55.3727889], [20.6076478, 55.3589145]]}}, {"type": "Feature", "properties": {"osm_id": 1100730579, "name": "Aurora", "kind": "telecom", "operator": "GlobalConnect"}, "geometry": {"type": "LineString", "coordinates": [[14.2362642, 55.4354052], [14.2438167, 55.4335333], [14.35, 55.39], [14.45285, 55.3076167], [14.47295, 55.2914667], [14.702, 55.175], [14.7042131, 55.1750324]]}}, {"type": "Feature", "properties": {"osm_id": 1228083658, "name": "Aurora", "kind": "telecom", "operator": "GlobalConnect"}, "geometry": {"type": "LineString", "coordinates": [[14.8158333, 55.2601667], [14.8546667, 55.277], [15.1341667, 55.4411667], [15.245, 55.5078333], [15.3751667, 55.5546667], [15.5791667, 55.6275], [15.665, 55.6591667], [16.2741667, 55.9638333], [16.506, 56.0793333], [16.563, 56.2158333], [16.5583333, 56.225], [16.5001667, 56.241], [16.4803333, 56.2441667]]}}, {"type": "Feature", "properties": {"osm_id": 1233240504, "name": "Aurora", "kind": "telecom", "operator": "GlobalConnect"}, "geometry": {"type": "LineString", "coordinates": [[13.6316667, 54.5073333], [13.6385, 54.5055], [13.6405, 54.5053333], [13.6503333, 54.5061667], [13.661, 54.51], [13.681, 54.5131667], [13.683, 54.5148333], [13.8115, 54.5933333], [13.8076667, 54.6188333], [13.8621667, 54.7278333], [13.92, 54.7595], [13.9201667, 54.7675], [13.9263333, 54.7758333], [13.9465, 54.7781667], [13.9566667, 54.776], [14.0251667, 54.7861667], [13.9806667, 54.9248333], [14.0255, 54.9338333], [14.3208333, 54.9362333], [14.4743333, 55.0509333], [14.6767463, 55.0829001], [14.6915751, 55.0811373], [14.70025, 55.0875]]}}, {"type": "Feature", "properties": {"osm_id": 1249254616, "name": "Aurora", "kind": "telecom", "operator": "GlobalConnect"}, "geometry": {"type": "LineString", "coordinates": [[12.41, 55.6128333], [12.4245, 55.6008333], [12.4441667, 55.5493333], [12.5411667, 55.5021667], [12.5645, 55.5021667], [12.6783333, 55.4983333], [12.7471667, 55.4998333], [12.7715, 55.4941667], [12.7826667, 55.496], [12.7938333, 55.5025], [12.8128333, 55.505], [12.83, 55.5043333], [12.8871667, 55.5118333], [12.9041667, 55.52]]}}, {"type": "Feature", "properties": {"osm_id": 1354947234, "name": "C-Lion 1", "kind": "telecom", "operator": "Cinia"}, "geometry": {"type": "LineString", "coordinates": [[25.0493535, 60.1375895], [25.0437808, 60.1299783], [25.1164875, 60.1203155], [25.133592, 60.1074664], [25.150547, 60.1041303], [25.1623481, 60.0964826], [25.2040009, 60.03065], [25.2245387, 60.0189673], [25.2404969, 59.9668149], [25.281814, 59.943143], [25.2827821, 59.9358476], [25.2702887, 59.9284942], [25.1386019, 59.9231779], [25.1270778, 59.9176535], [25.1087793, 59.8966748], [25.0702447, 59.9001606], [25.0019799, 59.8930018], [24.9805014, 59.8868193], [24.9641066, 59.8756809], [24.9136143, 59.8679926], [24.8131582, 59.8428079], [24.7791766, 59.844502], [24.7629454, 59.841844], [24.6470262, 59.8054985], [24.6151246, 59.7990005], [24.558876, 59.7781791], [24.5210334, 59.7709952], [24.4709718, 59.7699997], [24.4331523, 59.7598506], [24.4089479, 59.7451449], [24.3706622, 59.7425202], [24.3465085, 59.7347097], [24.3309481, 59.7336695], [24.2501154, 59.7038535], [24.1268185, 59.6724947], [24.0070434, 59.6515009], [23.9782953, 59.6496629], [23.807676, 59.6221835], [23.7280188, 59.6161551], [23.6299453, 59.6008158], [23.6020549, 59.6010291], [23.495805, 59.5779617], [23.4871444, 59.5753897], [23.4143455, 59.5641783], [23.3690652, 59.563327], [23.282217, 59.5530163], [23.1960375, 59.5364906], [23.1481449, 59.5323621], [23.1192174, 59.521168], [23.085836, 59.5208739], [22.9641352, 59.5033996], [22.9288343, 59.4945523], [22.8227494, 59.4862043], [22.6765166, 59.4632896], [22.5750214, 59.4552335], [22.5250693, 59.4473736], [22.4325418, 59.4226344], [22.344484, 59.4159861], [22.2791422, 59.3987932], [22.1424609, 59.3846277], [22.104322, 59.3739487], [22.0187971, 59.364691], [21.9944225, 59.3538419], [21.920888, 59.3442359], [21.8149259, 59.3196866], [21.6833987, 59.2990058], [21.5627751, 59.2704729], [21.5014754, 59.2692076], [21.2892125, 59.2271096], [21.1939721, 59.2190578], [21.1656955, 59.208054], [21.1324208, 59.2060374], [21.1027248, 59.1883545], [21.0830545, 59.1539497], [21.0312021, 59.1204865], [20.9990245, 59.1076467], [20.9634751, 59.0846847], [20.8600498, 59.0341263], [20.8453734, 59.0320999], [20.8201253, 59.0364124], [20.8099475, 59.0336216], [20.7325598, 58.9824293], [20.6937315, 58.9721522], [20.6723151, 58.9576313], [20.5374335, 58.9051262], [20.4696908, 58.8653471], [20.4618892, 58.8595925], [20.4549802, 58.8536636], [20.4527363, 58.8512436], [20.4396103, 58.8389021], [20.4315318, 58.8320588], [20.4212033, 58.8265909], [20.4129224, 58.8212144], [20.4020393, 58.8151163], [20.3758257, 58.798234], [20.3589999, 58.7854272], [20.3328967, 58.7519586], [20.3259623, 58.7371101], [20.324351, 58.7296384], [20.3232878, 58.7194263], [20.3206295, 58.714328], [20.3144877, 58.7062555], [20.3106917, 58.699714], [20.2954248, 58.6884432], [20.2885224, 58.6837964], [20.2713208, 58.6698905], [20.2648147, 58.6624399], [20.2560852, 58.6562976], [20.2508594, 58.649333], [20.2461724, 58.6432517], [20.2375127, 58.6316033], [20.2301016, 58.6201907], [20.2171048, 58.6023932], [20.1988937, 58.5741035], [20.1935197, 58.5568767], [20.1824637, 58.5221831], [20.178721, 58.5156301], [20.1726857, 58.5069223], [20.1690892, 58.5022387], [20.1629436, 58.4960399], [20.1537054, 58.4814289], [20.1432527, 58.4656176], [20.1319677, 58.4539931], [20.1244207, 58.4490546], [20.1161293, 58.4455002], [20.1057024, 58.4401465], [20.0944346, 58.434752], [20.0874164, 58.4301575], [20.0855049, 58.4277695], [20.0815104, 58.4225113], [20.0758884, 58.4172668], [20.0634744, 58.4016849], [20.0560104, 58.3913767], [20.0489035, 58.3829119], [20.0402593, 58.3703277], [20.0295187, 58.3562124], [20.0171538, 58.3384866], [20.0126232, 58.3261702], [20.0111948, 58.3180327], [20.0071648, 58.3112099], [20.0005827, 58.3051099], [19.9944671, 58.2992021], [19.9910897, 58.2936584], [19.9801976, 58.2809473], [19.9750954, 58.2763774], [19.9711006, 58.2697848], [19.9540588, 58.2377244], [19.9187057, 58.1810264], [19.870959, 58.0897851], [19.8531571, 58.0659008], [19.8160596, 58.0086037], [19.7612284, 57.9268244], [19.7268402, 57.8898189], [19.7090413, 57.8706155], [19.6958143, 57.8565693], [19.6883242, 57.8487142], [19.6507276, 57.8013887], [19.6443583, 57.7943784], [19.6259614, 57.7532105], [19.6134842, 57.7301552], [19.599586, 57.7116574], [19.5903247, 57.699183], [19.5601446, 57.6588784], [19.5460602, 57.6425096], [19.5334328, 57.6147159], [19.5251896, 57.5981529], [19.48752, 57.5309165], [19.4802399, 57.520061], [19.4624245, 57.5064254], [19.4506911, 57.4998133], [19.4377601, 57.4907545], [19.4333582, 57.4859083], [19.4239278, 57.4776685], [19.4166719, 57.4611797], [19.4116219, 57.4506306], [19.4056244, 57.4414837], [19.3912391, 57.419087], [19.3745696, 57.3934416], [19.3613473, 57.3738618], [19.3543162, 57.3633631], [19.3446903, 57.3481957], [19.3309487, 57.3295621], [19.2938729, 57.274706], [19.262505, 57.2323796], [19.2088166, 57.151925], [19.1549703, 57.0747167], [19.1158388, 57.0149215], [19.0673336, 56.9428822], [19.0035517, 56.8465688], [18.9855459, 56.8185022], [18.9737759, 56.8018192], [18.9604977, 56.7835766], [18.9445157, 56.7628933], [18.9231505, 56.7313686], [18.915235, 56.7213429], [18.9111432, 56.7144032], [18.9022627, 56.7026718], [18.8976727, 56.6935999], [18.8890888, 56.6824978], [18.8840897, 56.6753531], [18.8608869, 56.6429466], [18.8501845, 56.6320092], [18.8414005, 56.6200614], [18.8323627, 56.6043961], [18.8218492, 56.5847171], [18.7998624, 56.5565446], [18.7892232, 56.5379085], [18.7802019, 56.5307543], [18.7390239, 56.5027838], [18.7219215, 56.4872314], [18.7070484, 56.4757224], [18.697488, 56.4650652], [18.6830779, 56.4496348], [18.6716829, 56.4387326], [18.6559157, 56.4229537], [18.6453884, 56.413683], [18.6290349, 56.399155], [18.6101136, 56.383436], [18.590138, 56.3673881], [18.5705166, 56.3522218], [18.5636772, 56.3464545], [18.512119, 56.3338032], [18.4507537, 56.3215866], [18.2126869, 56.2744378], [18.1061339, 56.2534411], [17.8734366, 56.1748141], [17.8434387, 56.1640426], [17.7836205, 56.1419775], [17.644897, 56.0920912], [17.601405, 56.07688], [17.4822212, 56.0348569], [17.2599747, 55.9553272], [17.2157178, 55.9390772], [17.1589505, 55.9196496], [17.0835331, 55.892549], [16.9961733, 55.8595192], [16.9184178, 55.8314814], [16.7069739, 55.7550167], [16.6308018, 55.7282938], [16.5217058, 55.6886935], [16.5166395, 55.6879652], [16.504074, 55.6861032], [16.4266785, 55.6723955], [16.2827656, 55.6460673], [16.1261139, 55.6175221], [16.0044062, 55.5964202], [15.9379725, 55.5850997], [15.871988, 55.5744753], [15.8202802, 55.5643815], [15.7728157, 55.5566855], [15.711813, 55.5458222], [15.661549, 55.5381057], [15.6160185, 55.5299348], [15.5516484, 55.5176472], [15.4719624, 55.5062665], [15.4351745, 55.5001483], [15.3794901, 55.4907725], [15.2908076, 55.4744428], [15.2337576, 55.4654026], [15.1874345, 55.4520702], [15.1570732, 55.443465], [15.1036976, 55.4368309], [15.0197883, 55.4265957], [14.8116643, 55.3908725], [14.6978137, 55.3371963], [14.6099694, 55.3132286], [14.5089478, 55.2374477], [14.45282, 55.1997486], [14.4313485, 55.1847142], [14.4091547, 55.1691438], [14.3562596, 55.1314102], [14.3360417, 55.1159441], [14.3224392, 55.1061222], [14.3020429, 55.0907366], [14.2845244, 55.0778452], [14.152996, 54.979738], [14.021327, 54.948794], [13.9552733, 54.9371934], [13.9225089, 54.9314272], [13.898626, 54.9272263], [13.8726869, 54.9227055], [13.8490197, 54.9185764], [13.8176519, 54.9131173], [13.7983108, 54.909722], [13.7597707, 54.9029963], [13.7160073, 54.8953489], [13.6986482, 54.8923305], [13.687352, 54.889312], [13.6704823, 54.8874753], [13.6345969, 54.8867935], [13.6132385, 54.887214], [13.5910821, 54.8848604], [13.55387, 54.8786024], [13.5334919, 54.8769142], [13.5293022, 54.8767761], [13.524669, 54.8771558], [13.5197414, 54.8781503], [13.5159486, 54.8795446], [13.5124295, 54.8812429], [13.4987295, 54.8911], [13.4838714, 54.9017847], [13.4803703, 54.9037628], [13.4755586, 54.9064917], [13.4517523, 54.9252665], [13.4429077, 54.9322672], [13.4285774, 54.9427885], [13.4194625, 54.9464747], [13.4093597, 54.9486393], [13.3891907, 54.950196], [13.3718648, 54.9490064], [13.3604157, 54.9473411], [13.3386072, 54.9458373], [13.3012307, 54.9428261], [13.2126168, 54.930268], [13.1544733, 54.9221056], [13.1148779, 54.9167349], [13.098651, 54.9141346], [13.0922044, 54.9135355], [13.0871259, 54.9135136], [13.074924, 54.9151786], [13.0696182, 54.9158844], [13.048676, 54.9214402], [13.0255575, 54.9278308], [13.0199138, 54.9294216], [13.0056748, 54.9335443], [12.9880915, 54.9384816], [12.9868452, 54.938474], [12.9787119, 54.9358386], [12.9685726, 54.9327023], [12.9099557, 54.9147484], [12.8926649, 54.9094168], [12.837346, 54.8924304], [12.7750977, 54.8733703], [12.6789342, 54.8437848], [12.6306731, 54.826136], [12.5770031, 54.8063622], [12.4898792, 54.773972], [12.4431925, 54.7566119], [12.4151555, 54.7461527], [12.3660984, 54.7278849], [12.2919147, 54.7002627], [12.2049562, 54.6678482], [12.1807168, 54.6588008], [12.1589792, 54.6465679], [12.1580863, 54.6456968], [12.153326, 54.6292796], [12.1508003, 54.5794922], [12.1505839, 54.565604], [12.1445475, 54.5459189], [12.1440445, 54.5439497], [12.1358661, 54.5367722], [12.125504, 54.528282], [12.1078537, 54.5160301], [12.0953875, 54.50737], [12.0810596, 54.4939271], [12.0758073, 54.489072], [12.0649283, 54.4818305], [12.0360886, 54.4722345], [12.0290753, 54.4691455], [12.0245732, 54.467402], [12.0240035, 54.4627846], [12.0395068, 54.4364702], [12.0442584, 54.4285496], [12.0513553, 54.4169095], [12.0569116, 54.4077719], [12.0583628, 54.404899], [12.0608783, 54.3997715], [12.062709, 54.3960563], [12.064927, 54.3930784], [12.0660011, 54.3913105], [12.0671032, 54.3887148], [12.0700559, 54.3817564], [12.0723778, 54.3763983], [12.0731544, 54.3745904], [12.074935, 54.3690451], [12.0761562, 54.3654684], [12.077116, 54.3626962], [12.0787109, 54.3579229], [12.0795668, 54.3553846], [12.0813623, 54.3497673], [12.083019, 54.3453442], [12.0829262, 54.3437827], [12.0822162, 54.3425059], [12.0810309, 54.3414437], [12.0711918, 54.3364127], [12.068949, 54.3351964], [12.0673124, 54.3337974], [12.0662676, 54.3321718], [12.0657683, 54.3293454], [12.0668172, 54.3251285], [12.0692923, 54.3187381], [12.0709863, 54.3141167], [12.0741775, 54.3090299], [12.0794376, 54.2957358], [12.0828208, 54.2870958], [12.0860665, 54.2789497], [12.0911033, 54.2661643], [12.0956622, 54.2548002], [12.0994902, 54.2450548], [12.1046592, 54.2320065], [12.109107, 54.2207033], [12.1115324, 54.2174141], [12.1168353, 54.2061548], [12.1187911, 54.203429], [12.1215634, 54.2012885], [12.1255194, 54.1990083], [12.135455, 54.1953385], [12.1380936, 54.1942741]]}}, {"type": "Feature", "properties": {"osm_id": 1355358820, "name": "Baltica", "kind": "telecom", "operator": "Arelion, Orange Polska, Slovak Telekom, TDC Group, Telenor, Ukrtelecom"}, "geometry": {"type": "LineString", "coordinates": [[14.9664409, 55.003746], [14.9714938, 54.9968535], [15.5379053, 54.1818233]]}}, {"type": "Feature", "properties": {"osm_id": 1355358821, "name": "Aarhus-Kalundborg", "kind": "telecom", "operator": "Telia Denmark"}, "geometry": {"type": "LineString", "coordinates": [[11.0113054, 55.7397389], [11.0113054, 55.7396712], [11.0122679, 55.7419061], [11.0114257, 55.7450213], [11.0255018, 55.825118], [11.0276673, 55.869965], [11.0389763, 55.9157042], [11.0353671, 55.9473797], [11.0247799, 55.9597733], [10.9675132, 55.9797024], [10.8387231, 55.9858609], [10.773625, 56.0073795], [10.6390114, 56.0485338], [10.5345838, 56.0708348], [10.5013787, 56.0711034], [10.492611, 56.0774819], [10.4383371, 56.1135199], [10.3541213, 56.1462399], [10.3180288, 56.1593738], [10.3156226, 56.1695561], [10.2982982, 56.172771], [10.2727929, 56.1891093], [10.2415127, 56.1808071]]}}, {"type": "Feature", "properties": {"osm_id": 1355358822, "name": "Ellekilde Hage-Viken", "kind": "telecom", "operator": "Telia Denmark"}, "geometry": {"type": "LineString", "coordinates": [[12.4892929, 56.0926195], [12.4941052, 56.0979882], [12.5754337, 56.1342078], [12.5879457, 56.1342078]]}}, {"type": "Feature", "properties": {"osm_id": 1355358823, "name": "Baltica", "kind": "telecom", "operator": "Arelion, Orange Polska, Slovak Telekom, TDC Group, Telenor, Ukrtelecom"}, "geometry": {"type": "LineString", "coordinates": [[13.7675834, 55.4257093], [13.7784966, 55.4032535], [13.7812249, 55.3583036], [13.9176394, 55.2760218], [14.7020231, 55.1476015]]}}, {"type": "Feature", "properties": {"osm_id": 1355358824, "name": "Great Belt 1", "kind": "telecom", "operator": "Arelion"}, "geometry": {"type": "LineString", "coordinates": [[10.8159135, 55.3249457], [10.8773001, 55.3377492], [10.9202707, 55.3524874], [11.0887426, 55.3555895]]}}, {"type": "Feature", "properties": {"osm_id": 1355358825, "name": "Scandinavian Ring North", "kind": "telecom", "operator": "Arelion"}, "geometry": {"type": "LineString", "coordinates": [[12.6133308, 56.0436621], [12.6165791, 56.0482986], [12.668071, 56.0633466], [12.6784176, 56.0628764]]}}, {"type": "Feature", "properties": {"osm_id": 1355358826, "name": "BCS East-West Interlink", "kind": "telecom", "operator": "Arelion"}, "geometry": {"type": "LineString", "coordinates": [[18.86058, 57.3932569], [19.0846817, 57.2281663], [19.135155, 57.2193044], [19.1774435, 57.2045298], [19.1965416, 57.1927059], [19.2265528, 57.126866], [20.6984658, 56.0223441], [21.0695134, 56.0227253]]}}, {"type": "Feature", "properties": {"osm_id": 1355358827, "name": "Great Belt 2", "kind": "telecom", "operator": "Telia Denmark"}, "geometry": {"type": "LineString", "coordinates": [[10.7504345, 55.4001552], [10.895034, 55.4574354], [10.9305018, 55.4821795], [11.0369051, 55.6495659]]}}, {"type": "Feature", "properties": {"osm_id": 1355358828, "name": "Hou-S\u00e6lvig", "kind": "telecom", "operator": "Arelion"}, "geometry": {"type": "LineString", "coordinates": [[10.2643713, 55.9373744], [10.3437748, 55.9319833], [10.3868452, 55.9167492], [10.4005603, 55.9114901], [10.5156953, 55.8929425], [10.528809, 55.8910536], [10.544449, 55.8772882], [10.5552768, 55.8767483], [10.5681498, 55.8731037], [10.5680407, 55.8684135]]}}, {"type": "Feature", "properties": {"osm_id": 1355358829, "name": "BCS East", "kind": "telecom", "operator": "Arelion"}, "geometry": {"type": "LineString", "coordinates": [[21.0077858, 56.5751628], [20.9736822, 56.5881228], [20.916047, 56.5986377], [20.8468166, 56.5995764], [20.8000947, 56.5967602], [20.7728117, 56.5881228], [20.7209742, 56.5543049], [20.6855064, 56.5038978], [20.6677725, 56.4489003], [20.6732291, 56.3137058], [20.6991479, 56.1301652], [20.8451115, 56.0289191], [21.0695134, 56.0251076]]}}, {"type": "Feature", "properties": {"osm_id": 1355358830, "name": "Scandinavian Ring South", "kind": "telecom", "operator": "Arelion"}, "geometry": {"type": "LineString", "coordinates": [[12.6767332, 55.5880733], [12.6902078, 55.5824976], [12.710179, 55.5831436], [12.7971017, 55.5517493], [12.8532857, 55.5450114], [12.8597222, 55.5428333], [12.9083869, 55.5426291]]}}, {"type": "Feature", "properties": {"osm_id": 1355358832, "name": "Fehmarn Belt", "kind": "telecom", "operator": "Arelion"}, "geometry": {"type": "LineString", "coordinates": [[11.2074233, 54.5103556], [11.298821, 54.64161], [11.3383813, 54.6573952]]}}, {"type": "Feature", "properties": {"osm_id": 1355358833, "name": "Ballen-R\u00f8sn\u00e6s", "kind": "telecom", "operator": "Arelion"}, "geometry": {"type": "LineString", "coordinates": [[10.6394926, 55.7901298], [10.6476736, 55.7866123], [10.8158044, 55.7608981], [10.8186918, 55.7607628], [10.8565288, 55.7538577], [10.8717478, 55.7508447], [10.8743946, 55.7490165], [10.876921, 55.7440733]]}}, {"type": "Feature", "properties": {"osm_id": 1500296393, "name": "Baltika (Kingisepp - Kaliningrad)", "kind": "telecom", "operator": "Rostelecom"}, "geometry": {"type": "LineString", "coordinates": [[20.6076478, 55.3589145], [20.6330556, 55.35], [20.6483056, 55.3446389], [20.6561056, 55.3277389], [20.6452694, 55.3051056], [20.6365194, 55.2940889], [20.6108833, 55.2400056], [20.5810306, 55.1912583], [20.5783472, 55.1869917], [20.5640972, 55.1573917], [20.5384111, 55.115075], [20.5104417, 55.0645278], [20.5119917, 55.0579111], [20.4806889, 55.0068444], [20.4577694, 54.9822639], [20.4537667, 54.9768667], [20.4456667, 54.9667167], [20.4425167, 54.9636167], [20.4379667, 54.9544833], [20.4378167, 54.9512008]]}}, {"type": "Feature", "properties": {"osm_id": 177862161, "name": "Nord Stream 1", "kind": "pipeline", "operator": "Nord Stream AG"}, "geometry": {"type": "LineString", "coordinates": [[28.0744509, 60.5277796], [28.0880927, 60.5052587], [28.0889429, 60.4970821], [28.0841667, 60.4830833], [28.07895, 60.4763], [28.0708833, 60.47045], [28.0450915, 60.4575564], [28.0387401, 60.4531548], [28.0339336, 60.4485409], [28.0309295, 60.4431643], [28.0303287, 60.4370245], [28.0345343, 60.4175814], [28.0340194, 60.4119453], [28.0298566, 60.4051639], [28.0229044, 60.3998225], [27.9965993, 60.3865174], [27.9799032, 60.3694106], [27.950592, 60.3548096], [27.8627872, 60.2901728], [27.8573799, 60.2837914], [27.8541182, 60.2783025], [27.8505133, 60.2669812], [27.8460181, 60.260542], [27.8372954, 60.2530583], [27.8275108, 60.2466271], [27.8150868, 60.2416111], [27.7553487, 60.2265054], [27.7361977, 60.2184224], [27.7218747, 60.2059156], [27.71312, 60.2014079], [27.6121616, 60.174349], [27.52573, 60.1494092], [27.4988436, 60.144405], [27.4832466, 60.1429683], [27.4506282, 60.1427867], [27.4021554, 60.143951], [27.2975707, 60.1351692], [27.2399139, 60.1350196], [27.1885871, 60.1401801], [27.1708631, 60.1400518], [27.1351629, 60.1366624], [27.0994949, 60.1355859], [27.0688641, 60.129698], [27.0416182, 60.1266161], [27.0305729, 60.1259948], [27.0204663, 60.126556], [26.993258, 60.1293881], [26.9538831, 60.1295698], [26.9384444, 60.1275232], [26.8704772, 60.1054622], [26.8028104, 60.0964829], [26.7690991, 60.0948976], [26.7567858, 60.093162], [26.6727233, 60.0678921], [26.6572308, 60.0642515], [26.5686106, 60.0578475], [26.5383661, 60.0482178], [26.5129816, 60.0358149], [26.4925593, 60.029999], [26.4446282, 60.0234289], [26.3839244, 60.0182072], [26.3630247, 60.0163199], [26.3300228, 60.0100031], [26.2827945, 60.0031488], [26.2474108, 59.9949893], [26.2399435, 59.9937606], [26.2201273, 59.9915232], [26.2106538, 59.9909222], [26.1894965, 59.9890494], [26.1859989, 59.9889421], [26.1801624, 59.9888884], [26.1630177, 59.9895753], [26.1563015, 59.9895217], [26.1382985, 59.9879225], [26.1339855, 59.9873107], [26.1302089, 59.9866024], [26.1244583, 59.9850997], [26.0952759, 59.9762862], [26.0895896, 59.9747401], [26.0820794, 59.9732583], [26.0679388, 59.9715188], [26.0618448, 59.9704557], [26.0545063, 59.9686409], [26.0483479, 59.9665252], [26.0445928, 59.964925], [26.0411596, 59.9630454], [26.0352802, 59.9590066], [26.0326195, 59.9561491], [26.0301518, 59.9527971], [26.0289287, 59.9502184], [26.0274911, 59.9459416], [26.0267186, 59.9439534], [26.0259461, 59.942782], [26.0236931, 59.9397833], [26.021955, 59.9380851], [26.0189295, 59.9356557], [26.015861, 59.9336347], [26.0120201, 59.9316566], [26.0060549, 59.9291408], [26.0027289, 59.9280333], [25.9990811, 59.9269796], [25.9929228, 59.925657], [25.9843182, 59.9243559], [25.9751558, 59.9229794], [25.9691477, 59.921861], [25.9600282, 59.9195595], [25.9548783, 59.9181721], [25.9506082, 59.9166556], [25.9460163, 59.9147302], [25.9407806, 59.9116645], [25.9375834, 59.9094161], [25.9300732, 59.9032295], [25.9262109, 59.9001843], [25.9199452, 59.8965683], [25.9143448, 59.8941897], [25.9068775, 59.8909606], [25.9025645, 59.8895397], [25.8953333, 59.8878066], [25.8890462, 59.8867408], [25.8847117, 59.8862779], [25.8805489, 59.8860195], [25.875442, 59.885815], [25.863018, 59.8860087], [25.8535123, 59.8859872], [25.8488989, 59.8861379], [25.8258533, 59.8878496], [25.8143735, 59.8886678], [25.8042669, 59.8898734], [25.7988596, 59.8905408], [25.7897615, 59.8909283], [25.7835388, 59.8907776], [25.777359, 59.8902502], [25.7714152, 59.8894321], [25.763905, 59.8877528], [25.7575536, 59.8867516], [25.7457518, 59.8852228], [25.7377481, 59.8846953], [25.7295513, 59.8846415], [25.7255387, 59.8848137], [25.70966, 59.8863102], [25.6827736, 59.8879142], [25.6748128, 59.888108], [25.668869, 59.8878604], [25.6377554, 59.8858042], [25.6188082, 59.8855135], [25.5976295, 59.8851475], [25.5535555, 59.8844907], [25.5451011, 59.8848998], [25.5386853, 59.8857396], [25.5344796, 59.8865901], [25.5060482, 59.8937377], [25.4966926, 59.8956642], [25.489912, 59.896719], [25.4841614, 59.8973324], [25.4745054, 59.8980104], [25.4627895, 59.8980858], [25.4522753, 59.8976768], [25.4461813, 59.8971602], [25.4385209, 59.896127], [25.4227924, 59.8937915], [25.4002833, 59.8903901], [25.3925586, 59.889755], [25.3885031, 59.8896366], [25.3825593, 59.8897658], [25.357089, 59.8916711], [25.3449654, 59.8925968], [25.3364253, 59.8929627], [25.3286361, 59.8927044], [25.3063631, 59.8907023], [25.2983379, 59.8905408], [25.2928877, 59.8908422], [25.2859783, 59.8915204], [25.2713442, 59.8942866], [25.2588558, 59.8967405], [25.2516675, 59.8977306], [25.2443719, 59.8982687], [25.1846337, 59.8993018], [25.17766, 59.8991835], [25.1541424, 59.8983871], [25.1483488, 59.8983763], [25.1406455, 59.8989897], [25.1022148, 59.9035739], [25.0967002, 59.9040581], [25.0606084, 59.9048005], [25.054214, 59.9045961], [25.0464248, 59.9037245], [25.0091529, 59.8980535], [25.0029194, 59.8969127], [24.9969971, 59.8955566], [24.9874163, 59.8927474], [24.972825, 59.887742], [24.9666238, 59.8855781], [24.9573648, 59.8827627], [24.9408746, 59.8781273], [24.9336862, 59.8761135], [24.9239015, 59.8738412], [24.8693347, 59.8636245], [24.839015, 59.8579466], [24.8230505, 59.8549511], [24.8171925, 59.854019], [24.8113024, 59.8534855], [24.8012388, 59.8532754], [24.7952628, 59.8529575], [24.7911, 59.8525372], [24.7852957, 59.8516481], [24.7790837, 59.8502094], [24.7773671, 59.849816], [24.7737622, 59.8486682], [24.7655976, 59.8460976], [24.7583234, 59.8438393], [24.7503734, 59.8416942], [24.7444081, 59.8404922], [24.7268557, 59.8376028], [24.7215128, 59.8364007], [24.7033059, 59.8316456], [24.6994758, 59.8304486], [24.6901417, 59.8267981], [24.6734905, 59.8202725], [24.6677184, 59.8182445], [24.6619248, 59.8167342], [24.6499836, 59.8143013], [24.6379995, 59.8109134], [24.6212947, 59.805928], [24.6174216, 59.8044657], [24.6135807, 59.8027173], [24.605062, 59.7978387], [24.6011996, 59.796036], [24.5972514, 59.794557], [24.5867586, 59.7910915], [24.5753217, 59.7858332], [24.5676398, 59.7829715], [24.5618677, 59.7814488], [24.5540571, 59.780142], [24.546268, 59.77944], [24.5065069, 59.7778848], [24.4858646, 59.7770423], [24.4753933, 59.7763078], [24.4674539, 59.7751412], [24.4616604, 59.7741475], [24.4356322, 59.7683787], [24.4265556, 59.7660342], [24.4191527, 59.7633761], [24.4138741, 59.760653], [24.4035959, 59.7546009], [24.4001198, 59.7527959], [24.3963861, 59.7511205], [24.3907642, 59.7491747], [24.38452, 59.7475964], [24.3788981, 59.7465261], [24.3724608, 59.7457153], [24.3591571, 59.7447207], [24.3527627, 59.7437908], [24.3227434, 59.7367949], [24.306457, 59.7329016], [24.3000841, 59.730879], [24.2724895, 59.7200288], [24.2600226, 59.7160687], [24.2124295, 59.7009269], [24.1933751, 59.6957194], [24.1684842, 59.690641], [24.1619825, 59.6890599], [24.1582489, 59.6878794], [24.152863, 59.6857026], [24.1470265, 59.6825832], [24.1422415, 59.6799077], [24.1360831, 59.677297], [24.1293454, 59.675141], [24.12117, 59.6734076], [24.1152477, 59.6726166], [24.0692854, 59.6699945], [24.0609383, 59.6691601], [24.0531921, 59.6677514], [24.0425062, 59.6651072], [24.0243959, 59.6604361], [24.0142035, 59.6585392], [23.9663315, 59.6521434], [23.8268351, 59.6334366], [23.8131666, 59.6315925], [23.8019657, 59.6305511], [23.7413907, 59.6257232], [23.7311339, 59.6245513], [23.6014437, 59.6058292], [23.56812, 59.6009761], [23.5635066, 59.6001074], [23.5467911, 59.5955249], [23.5374784, 59.5929076], [23.5164928, 59.5873791], [23.5063433, 59.5848046], [23.4957003, 59.5826102], [23.4797573, 59.5811001], [23.4613681, 59.5796551], [23.4324431, 59.5753414], [23.4252977, 59.5736571], [23.414247, 59.5709077], [23.4049773, 59.5693101], [23.382554, 59.5675929], [23.3524918, 59.5661256], [23.3456039, 59.5656147], [23.3420634, 59.5651799], [23.3278584, 59.5632234], [23.2701587, 59.555222], [23.1617975, 59.5402142], [23.156197, 59.5391264], [23.1428504, 59.5359825], [23.1298256, 59.5324793], [23.1218004, 59.53051], [23.1141186, 59.5289431], [23.1076169, 59.5280073], [23.0824041, 59.5245468], [23.0174303, 59.5157633], [23.0075333, 59.5152], [22.9609751, 59.5081208], [22.9205704, 59.5027309], [22.8864741, 59.4980153], [22.7214431, 59.4753867], [22.7091667, 59.4750667], [22.7031333, 59.4742833], [22.662735, 59.4707326], [22.6547098, 59.4700786], [22.6482167, 59.46995], [22.6209354, 59.4643119], [22.6149058, 59.4632544], [22.6083398, 59.4622949], [22.6034333, 59.4620833], [22.5944137, 59.4609321], [22.577033, 59.4598854], [22.5724488, 59.4601038], [22.5437736, 59.4577264], [22.5340318, 59.4567886], [22.5294399, 59.456178], [22.5184337, 59.4549798], [22.5059223, 59.4508124], [22.4513339, 59.4344706], [22.433089, 59.4298744], [22.4149764, 59.427787], [22.3724204, 59.4285114], [22.3504545, 59.4257965], [22.2854303, 59.4092581], [22.2647833, 59.4064167], [22.21335, 59.4054], [22.1953667, 59.4036667], [22.1908333, 59.4029833], [22.09965, 59.3865833], [22.0159167, 59.3758333], [22.0063333, 59.3732833], [22.0018167, 59.3717333], [21.9751, 59.3592], [21.9596667, 59.3548], [21.9481667, 59.3532167], [21.91205, 59.3486333], [21.8499333, 59.3385167], [21.8274, 59.3333], [21.7813, 59.3274167], [21.7683333, 59.3246167], [21.75165, 59.31935], [21.7403167, 59.3166333], [21.65745, 59.3040833], [21.59355, 59.29235], [21.5717, 59.2895167], [21.5506, 59.2882667], [21.5318, 59.2849667], [21.4908833, 59.2749333], [21.4100333, 59.2572333], [21.4025667, 59.2560667], [21.3775667, 59.2531167], [21.3669833, 59.2514833], [21.3570833, 59.24905], [21.3331333, 59.2430667], [21.3207, 59.2411333], [21.3115333, 59.2403833], [21.2912167, 59.2377667], [21.2179833, 59.22395], [21.1628667, 59.2249667], [21.1450667, 59.2238], [21.137, 59.2220833], [21.1284333, 59.2195167], [21.0980833, 59.2054167], [21.0887, 59.2002667], [21.0804333, 59.1929667], [21.0780667, 59.1894], [21.0701, 59.1662167], [21.06265, 59.1514], [21.0538833, 59.1429167], [21.04695, 59.1388], [21.0127, 59.1218167], [20.99015, 59.1129667], [20.91345, 59.0721167], [20.85625, 59.0433667], [20.8383333, 59.0362167], [20.8320833, 59.0326167], [20.8294333, 59.0310667], [20.8256167, 59.0280333], [20.8035167, 59.0088333], [20.7947667, 59.0037167], [20.7850833, 58.9993167], [20.76095, 58.99], [20.75295, 58.9865167], [20.7401, 58.9803333], [20.6481167, 58.93735], [20.5362, 58.8964], [20.5257333, 58.89155], [20.5175333, 58.88685], [20.5037167, 58.8780667], [20.4853, 58.86495], [20.4718333, 58.85265], [20.4569333, 58.8367667], [20.4504833, 58.83195], [20.4484833, 58.8305333], [20.4172667, 58.8118333], [20.3857, 58.7882667], [20.3552167, 58.75435], [20.3450167, 58.7348333], [20.3441, 58.7298333], [20.3425833, 58.7188833], [20.3409333, 58.7139833], [20.3350333, 58.7030667], [20.3291333, 58.6962667], [20.3146, 58.6844833], [20.2898667, 58.6679833], [20.2791167, 58.65595], [20.22195, 58.5712], [20.2192167, 58.5650833], [20.2055667, 58.5202833], [20.1653333, 58.45685], [20.1522667, 58.4463], [20.1478833, 58.44405], [20.1132833, 58.42875], [20.0981954, 58.4183373], [20.0877534, 58.4058388], [20.06075, 58.36925], [20.0374669, 58.3361885], [20.0353667, 58.3318667], [20.0343526, 58.3255126], [20.0319711, 58.3177923], [20.0268417, 58.3098056], [20.0156211, 58.2988811], [19.9969354, 58.277022], [19.9623576, 58.2145001], [19.8892007, 58.1034914], [19.8158033, 57.9917694], [19.7724782, 57.9254861], [19.737946, 57.8922986], [19.6536772, 57.7940162], [19.6237255, 57.7283454], [19.548891, 57.6360883], [19.4853231, 57.5204854], [19.4734615, 57.5100808], [19.4534476, 57.4984921], [19.4413567, 57.4901736], [19.42835, 57.4770766], [19.4146106, 57.4467286], [19.3708315, 57.3826176], [19.3051628, 57.2866963], [19.2355, 57.1846667], [19.1856732, 57.111302], [19.1020569, 56.9872842], [19.0386304, 56.8918387], [18.9795272, 56.8026791], [18.9721995, 56.7784984], [18.9598333, 56.762], [18.9552542, 56.7552561], [18.9253022, 56.7066671], [18.9184324, 56.6919322], [18.8970904, 56.6595759], [18.8914115, 56.6533329], [18.8804199, 56.6445708], [18.8741913, 56.6377712], [18.8635661, 56.6174156], [18.8603602, 56.6055196], [18.8257368, 56.5518907], [18.81502, 56.5377519], [18.8049444, 56.5270938], [18.7614018, 56.5002901], [18.6827668, 56.4343005], [18.6003333, 56.365], [18.5810139, 56.348594], [18.5755853, 56.3448866], [18.5453333, 56.3341667], [18.5198333, 56.3291667], [18.4385, 56.3136667], [18.3885, 56.304], [18.1798333, 56.2635], [18.1246667, 56.2526667], [17.9438333, 56.1921667], [17.8984597, 56.176636], [17.8535774, 56.1646142], [17.7932153, 56.1396662], [17.6118828, 56.075654], [17.4413817, 56.0153682], [17.4268333, 56.0103333], [17.3268333, 55.976], [17.1604939, 55.9188824], [16.992, 55.8565], [16.8605545, 55.8088915], [16.6665, 55.7385], [16.5341667, 55.6901667], [16.3727046, 55.660753], [16.1531833, 55.6207271], [15.9817293, 55.589437], [15.7813333, 55.5528333], [15.7379404, 55.5455736], [15.7176411, 55.5416612], [15.7002864, 55.535451], [15.6943333, 55.5326667], [15.559513, 55.4540066], [15.4206667, 55.3728333], [15.3958106, 55.3017296], [15.3745, 55.2406667], [15.3695333, 55.2209167], [15.3121498, 55.1035356], [15.2699928, 55.0170809], [15.2366448, 54.9563161], [15.2301904, 54.9487355], [15.2153152, 54.9342624], [15.2041042, 54.9264418], [15.14625, 54.9100833], [14.9883728, 54.8712694], [14.8050872, 54.8261619], [14.7887333, 54.8176667], [14.7224402, 54.7691824], [14.6418961, 54.7101971], [14.5221027, 54.6223094], [14.5016, 54.60935], [14.4876, 54.60455], [14.3562492, 54.574031], [14.2329326, 54.545358], [14.213372, 54.5403096], [14.1894173, 54.5391279], [14.1211282, 54.5410994], [14.1076, 54.5395167], [14.1003334, 54.5378906], [14.0910508, 54.5347376], [14.0822184, 54.5305394], [14.0400075, 54.4988383], [14.0344667, 54.4951], [13.9587503, 54.4317589], [13.8784667, 54.36449], [13.8605, 54.35045], [13.8341389, 54.3326053], [13.7182126, 54.2423991], [13.7129007, 54.237335], [13.7091049, 54.2323859], [13.7074569, 54.2279109], [13.7065346, 54.2223921], [13.7058302, 54.2193649], [13.7039461, 54.215598], [13.700753, 54.2122498], [13.6972774, 54.2101057], [13.6905924, 54.2073129], [13.6809595, 54.2042341], [13.6486838, 54.1962639], [13.6377495, 54.1919166], [13.6327435, 54.1878986], [13.6298453, 54.1822997], [13.6295818, 54.1765032], [13.6310968, 54.1714972], [13.6360369, 54.1653055], [13.6426897, 54.160036], [13.6504803, 54.1562754], [13.6543611, 54.1540971]]}}, {"type": "Feature", "properties": {"osm_id": 578554430, "name": "Nord Stream", "kind": "pipeline", "operator": "Nord Stream AG"}, "geometry": {"type": "LineString", "coordinates": [[15.2659607, 55.018086], [15.2403864, 54.9704592], [15.2328864, 54.9549087], [15.2273864, 54.9457917], [15.2040864, 54.9286079], [15.1514279, 54.9140467], [14.9543864, 54.8641226], [14.8019136, 54.8257249], [14.7855531, 54.8171212], [14.6418961, 54.7101971], [14.5200426, 54.6219352], [14.4997472, 54.6086701], [14.4835531, 54.6033981], [14.2322152, 54.5441265], [14.2137529, 54.5401284], [14.1895031, 54.5388629], [14.1189031, 54.5406463], [14.0975975, 54.5372298], [14.0843488, 54.5320554], [14.0764698, 54.5271959], [14.0733198, 54.5247291], [14.0331031, 54.4948949], [13.8581364, 54.3501572], [13.8335198, 54.3313567]]}}, {"type": "Feature", "properties": {"osm_id": 1068926050, "name": "Baltic Pipe", "kind": "pipeline", "operator": "Gaz-System"}, "geometry": {"type": "LineString", "coordinates": [[15.1445929, 54.1121998], [15.1358667, 54.1330667], [15.0716557, 54.2247626], [15.0100705, 54.312518], [14.9448247, 54.4061285], [14.88645, 54.4897], [14.8815608, 54.5001346], [14.8540624, 54.6032694], [14.8297404, 54.6942734], [14.8282242, 54.7006358], [14.8280238, 54.7056313], [14.82865, 54.7104667], [14.8586333, 54.8317], [14.8612404, 54.8371437], [14.87045, 54.85235], [14.8727167, 54.8636333], [14.8706, 54.8730167], [14.8628, 54.88475], [14.8500609, 54.8946887], [14.7154, 54.9621], [14.70685, 54.9656167], [14.6569, 54.9839], [14.6378526, 54.9946518], [14.6341726, 54.9975336], [14.6271479, 55.0042841], [14.6184683, 55.0096432], [14.6169833, 55.01045], [14.58815, 55.0247333], [14.5824194, 55.027358], [14.5766667, 55.0295], [14.5723497, 55.0305003], [14.4561843, 55.0645728], [14.3392181, 55.098851], [14.3117167, 55.1043833], [14.3034804, 55.1051671], [14.2969167, 55.1054], [14.1823333, 55.1055], [14.0025043, 55.1050383], [13.8578, 55.1047167], [13.683471, 55.1121577], [13.4991667, 55.1201667], [13.4940004, 55.1203166], [13.4303333, 55.1216667], [13.3391667, 55.125], [13.33825, 55.1250333], [13.2388333, 55.125], [13.2369342, 55.1251345], [13.06095, 55.12915], [12.8525, 55.1431667], [12.8122167, 55.1450167], [12.7856398, 55.1439384], [12.6235855, 55.1504268], [12.4956648, 55.1555478], [12.3551167, 55.1621], [12.2451833, 55.1724833], [12.2403833, 55.1735667], [12.2332, 55.1758], [12.2256833, 55.17725], [12.1697, 55.1829833], [12.1593333, 55.1845667], [12.1261667, 55.188]]}}, {"type": "Feature", "properties": {"osm_id": 1098580572, "name": "Nord Stream 2", "kind": "pipeline", "operator": "Nord Stream AG"}, "geometry": {"type": "LineString", "coordinates": [[26.5348088, 59.9634675], [26.51365, 59.9735333], [26.5043, 59.9770167], [26.4851833, 59.9818], [26.4745, 59.9835167], [26.44105, 59.9874667], [26.4173, 59.9952833], [26.3954333, 60.00755], [26.3899667, 60.0101333], [26.3767333, 60.0151667], [26.3555145, 60.0235468], [26.3447642, 60.0268595], [26.3320184, 60.0296037], [26.3180065, 60.0314795], [26.3045954, 60.0320583], [26.2875366, 60.0316403], [26.2776661, 60.0320262], [26.2649202, 60.0339233], [26.2555861, 60.0354666], [26.2473035, 60.0362383], [26.2396645, 60.0361525], [26.2339997, 60.035681], [26.2228846, 60.0340841], [26.2165332, 60.0328515], [26.2100744, 60.0313188], [26.1889815, 60.0248119], [26.1819863, 60.0231394], [26.1722231, 60.0213489], [26.1657858, 60.0202767], [26.1575031, 60.0181107], [26.1521816, 60.0161376], [26.1466241, 60.0136068], [26.1398649, 60.0105501], [26.1271834, 60.0064635], [26.1122918, 60.0015288], [26.1046958, 59.9983853], [26.098237, 59.9949732], [26.095705, 59.9933958], [26.0896754, 59.9903373], [26.0822081, 59.9877615], [26.0761571, 59.9862589], [26.0646987, 59.984198], [26.0562658, 59.9821156], [26.0482406, 59.9789272], [26.0329199, 59.9715081], [26.0253238, 59.9680287], [26.0205817, 59.9662138], [26.0109043, 59.9632495], [26.003952, 59.9604675], [25.9981155, 59.9572448], [25.9936952, 59.9538392], [25.9887814, 59.9485851], [25.9810567, 59.9400198], [25.9769583, 59.9365694], [25.9721303, 59.9336455], [25.9671736, 59.9313018], [25.9455657, 59.9227428], [25.9405875, 59.9204307], [25.9313178, 59.9145473], [25.9276485, 59.9126864], [25.9237432, 59.9112019], [25.9189582, 59.909642], [25.9110403, 59.9079207], [25.9018135, 59.906791], [25.8897328, 59.9057904], [25.8808708, 59.9053923], [25.871365, 59.9053277], [25.8077645, 59.9061777], [25.7866072, 59.9073612], [25.7786464, 59.9076732], [25.7697844, 59.9074258], [25.7602143, 59.9065758], [25.7519746, 59.9051771], [25.7317185, 59.900152], [25.7271909, 59.8991081], [25.7185435, 59.8977414], [25.7118487, 59.8972356], [25.7044673, 59.8971279], [25.69803, 59.8974831], [25.6917214, 59.8981503], [25.6847262, 59.8994417], [25.6786966, 59.9010344], [25.662775, 59.9063283], [25.6553936, 59.9078776], [25.6491709, 59.9087921], [25.6411457, 59.9093838], [25.633378, 59.9093946], [25.6211471, 59.9084693], [25.6099033, 59.907684], [25.6041097, 59.907684], [25.5980372, 59.9079207], [25.5887246, 59.908706], [25.580635, 59.9087383], [25.5735755, 59.9082004], [25.5671167, 59.9074042], [25.5611086, 59.9069846], [25.5551219, 59.9066834], [25.5013704, 59.9054891], [25.4622745, 59.9039612], [25.4568457, 59.9038644], [25.451138, 59.903972], [25.4325342, 59.9049188], [25.4267621, 59.9049834], [25.420239, 59.9046176], [25.4057765, 59.9032941], [25.3967643, 59.9024871], [25.3901124, 59.9024333], [25.3799414, 59.9029821], [25.3703928, 59.9036922], [25.363419, 59.9040258], [25.3076505, 59.9066081], [25.3009128, 59.9072429], [25.2925229, 59.9082757], [25.2841973, 59.9098249], [25.2794552, 59.9105457], [25.2728677, 59.9110836], [25.1981091, 59.9127402], [25.185256, 59.9129016], [25.1784539, 59.9126434], [25.1657295, 59.9116645], [25.1599359, 59.911417], [25.1527905, 59.9113202], [25.1272774, 59.9119226], [25.118587, 59.9118258], [25.110197, 59.911288], [25.1002407, 59.9104058], [25.0877523, 59.9102122], [25.0558018, 59.9108684], [25.0439787, 59.9106317], [25.0364041, 59.9100831], [25.0093674, 59.9066619], [25.003531, 59.9055537], [24.9941754, 59.9033909], [24.9838972, 59.9002058], [24.9740267, 59.8962992], [24.9653363, 59.8928658], [24.9582553, 59.8904332], [24.9397802, 59.8851259], [24.9262404, 59.8811638], [24.9190736, 59.8796133], [24.913001, 59.8787518], [24.901607, 59.8775458], [24.8901701, 59.8764797], [24.8829818, 59.8754566], [24.876008, 59.8739489], [24.8712873, 59.8726996], [24.860022, 59.8695438], [24.8510098, 59.8677019], [24.8431349, 59.8664523], [24.8266983, 59.8647718], [24.8107767, 59.8630589], [24.8051762, 59.86196], [24.7962498, 59.8597083], [24.7880101, 59.8579951], [24.7803712, 59.8569069], [24.775393, 59.856131], [24.7554374, 59.8515188], [24.74473, 59.8490292], [24.7362971, 59.8477467], [24.7292805, 59.8471646], [24.7244096, 59.8471215], [24.7186589, 59.8473155], [24.7111702, 59.8481023], [24.7028446, 59.8484149], [24.6960854, 59.8481239], [24.687953, 59.8472616], [24.6823311, 59.8461838], [24.6605086, 59.8404059], [24.6531701, 59.8379802], [24.6359825, 59.8318774], [24.6305323, 59.8301197], [24.6180224, 59.8270785], [24.6130442, 59.8257735], [24.6045255, 59.8229584], [24.5995688, 59.8207903], [24.5857501, 59.8138536], [24.5823812, 59.8123215], [24.5757508, 59.8100124], [24.5713091, 59.8089334], [24.5583915, 59.8064298], [24.5526409, 59.8050377], [24.5455813, 59.8026418], [24.537127, 59.7989073], [24.531827, 59.796716], [24.5243811, 59.7940712], [24.5161629, 59.7918473], [24.5103049, 59.7905517], [24.5025372, 59.7892021], [24.4185304, 59.7745904], [24.410634, 59.7730565], [24.4032311, 59.771112], [24.3811726, 59.7639488], [24.3744135, 59.7620578], [24.3689418, 59.7608367], [24.3599725, 59.7592806], [24.3522262, 59.7574758], [24.3416476, 59.7546658], [24.334867, 59.7533688], [24.3182158, 59.7512718], [24.3107915, 59.7498665], [24.3045044, 59.7479748], [24.3001056, 59.7461586], [24.2903638, 59.7407526], [24.2849135, 59.7382872], [24.2782187, 59.7361028], [24.2619109, 59.7321553], [24.2547011, 59.730825], [24.245131, 59.7298191], [24.2352605, 59.729646], [24.2269993, 59.7299921], [24.219768, 59.7302517], [24.2103696, 59.7302193], [24.182775, 59.7296135], [24.1756725, 59.7290619], [24.1684627, 59.7282615], [24.1612744, 59.7271473], [24.1529274, 59.7256545], [24.1464901, 59.723902], [24.1405034, 59.721814], [24.1326284, 59.7186764], [24.1270923, 59.7156142], [24.1188955, 59.7097487], [24.1155052, 59.7077789], [24.1100549, 59.7052136], [24.1014719, 59.7020311], [24.0979528, 59.700429], [24.0836728, 59.6930287], [24.0794778, 59.6912744], [24.0751326, 59.6898613], [24.0701008, 59.6886104], [24.047023, 59.6835147], [24.0411436, 59.6821597], [24.0357766, 59.681148], [24.0302753, 59.6802814], [24.0226364, 59.6793011], [23.9566326, 59.6717173], [23.9473414, 59.6703846], [23.9413976, 59.6692143], [23.934381, 59.6674805], [23.9265704, 59.6651289], [23.9132023, 59.6601868], [23.8914442, 59.6521976], [23.8809299, 59.6486414], [23.8727546, 59.646462], [23.8649654, 59.644933], [23.8543868, 59.6434365], [23.8429928, 59.6419508], [23.8313842, 59.640964], [23.8231659, 59.6405518], [23.8165784, 59.6399553], [23.808403, 59.6389684], [23.7558532, 59.634337], [23.7484717, 59.6334041], [23.6741423, 59.6234554], [23.6686063, 59.6230865], [23.6533284, 59.6228044], [23.6472988, 59.622544], [23.6398744, 59.6218821], [23.6341452, 59.6211442], [23.625648, 59.6196792], [23.6179876, 59.6177366], [23.599298, 59.6129937], [23.5941589, 59.6119843], [23.5906613, 59.6113927], [23.5859513, 59.6107305], [23.5648155, 59.6079896], [23.5528333, 59.6055833], [23.5487667, 59.6044333], [23.5368333, 59.6002667], [23.5304333, 59.5986167], [23.5231, 59.59695], [23.51185, 59.5952833], [23.5001, 59.59445], [23.4907167, 59.5930833], [23.4674, 59.5896667], [23.45575, 59.5894333], [23.4412833, 59.5894833], [23.4280333, 59.5879333], [23.408, 59.5836167], [23.3994833, 59.5827167], [23.3830667, 59.58235], [23.3642333, 59.5806833], [23.3574, 59.5797667], [23.1148167, 59.5421833], [23.10905, 59.5412333], [23.0821333, 59.5292667], [23.0476, 59.52835], [23.0034333, 59.5204667], [22.9313333, 59.51075], [22.9158667, 59.5092333], [22.8999167, 59.50645], [22.7587667, 59.4872667], [22.7396667, 59.48605], [22.7330333, 59.4852833], [22.7060833, 59.4807167], [22.6958, 59.4798333], [22.6856167, 59.4795333], [22.64175, 59.4810667], [22.6370667, 59.4809833], [22.6301, 59.4808667], [22.5736667, 59.47925], [22.5689833, 59.4790333], [22.56455, 59.4785667], [22.4866833, 59.4669167], [22.4105333, 59.4576333], [22.3827833, 59.4528833], [22.3529333, 59.4465333], [22.3492333, 59.4460167], [22.3284833, 59.4444], [22.3093667, 59.4406], [22.2505, 59.4231667], [22.1033333, 59.4053333], [22.0035, 59.3875], [21.9178333, 59.367], [21.8455, 59.361], [21.7633333, 59.3436111], [21.718, 59.334], [21.549, 59.2913333], [21.457, 59.2833333], [21.4006667, 59.2658333], [21.3415, 59.2551667], [21.2103333, 59.2436667], [21.1565, 59.244], [21.1153333, 59.2343333], [21.087, 59.2218333], [21.0606667, 59.196], [21.0318333, 59.18], [21.0166667, 59.1553333], [21.0031667, 59.1451667], [20.8368333, 59.0936667], [20.7998333, 59.075], [20.7615, 59.045], [20.6276667, 58.9841667], [20.5103333, 58.9195], [20.5, 58.915], [20.4308333, 58.8858333], [20.2438333, 58.6996667], [20.1595, 58.5933333], [20.1185, 58.5588333], [20.1122222, 58.55], [20.108, 58.5441667], [20.09555, 58.4978667], [20.1, 58.48715], [20.1148667, 58.4643833], [20.1361167, 58.4319333], [20.13915, 58.4222667], [20.13815, 58.3737167], [20.1044167, 58.28585], [20.0770333, 58.2376167], [20.0636958, 58.2087654], [20.0512167, 58.18175], [19.9625333, 57.9909167], [19.9524333, 57.9683167], [19.9473833, 57.9616], [19.72675, 57.7250167], [19.7244167, 57.72165], [19.7137667, 57.6982333], [19.7095333, 57.6933667], [19.6681, 57.6492167], [19.6214333, 57.61095], [19.6176333, 57.60665], [19.4474773, 57.3825303], [19.2457383, 57.1118502], [19.1733068, 57.0136592], [19.0, 56.7756667], [18.9795167, 56.7485667], [18.9455833, 56.7150333], [18.8983, 56.6469167], [18.8911167, 56.6385], [18.88775, 56.6325667], [18.8774833, 56.60895], [18.8433, 56.5594], [18.84055, 56.5550167], [18.8357833, 56.5427333], [18.8294833, 56.5340833], [18.8218333, 56.5277333], [18.7798833, 56.50145], [18.7609, 56.4861], [18.5894667, 56.3442833], [18.55995, 56.3316], [18.5509833, 56.32945], [18.48265, 56.3163667], [18.1148667, 56.24505], [17.9008833, 56.1714667], [17.86205, 56.1606167], [17.8058167, 56.1381667], [17.4892333, 56.0261167], [17.4459333, 56.0033167], [17.3455667, 55.9763667], [17.3034333, 55.9614], [16.8721876, 55.8059673], [16.4722167, 55.66125], [16.3964833, 55.6425333], [16.0077167, 55.5785833], [15.7903833, 55.5426333], [15.76985, 55.5402167], [15.7388667, 55.5289833], [15.7304667, 55.5222], [15.7241167, 55.5122167], [15.7227667, 55.50515], [15.7247222, 55.4833333], [15.7286767, 55.4472976], [15.7317969, 55.4188408], [15.7389333, 55.33675], [15.7325128, 55.3246227], [15.6384638, 55.1942937], [15.5752778, 55.1083333], [15.5572222, 55.0833333], [15.4967507, 54.997567], [15.4377778, 54.9166667], [15.41, 54.8766667], [15.3911163, 54.8516996], [15.3908333, 54.8508333], [15.3833333, 54.84575], [15.2556333, 54.7867833], [14.8166667, 54.68365], [14.79885, 54.6815667], [14.5807371, 54.6720651], [14.570274, 54.6704562], [14.5555111, 54.6662867], [14.5421215, 54.6595352], [14.5062167, 54.6333167], [14.48425, 54.6179667], [14.4705389, 54.6104539], [14.2334746, 54.5539472], [14.2111586, 54.5500645], [14.1872976, 54.5483719], [14.1133975, 54.5505622], [14.0978622, 54.5491186], [14.0880775, 54.5475255], [14.0556334, 54.5316413], [14.0476533, 54.5235617], [13.8827167, 54.3904833], [13.8766667, 54.3877333], [13.8546333, 54.3824667], [13.8501631, 54.3807489], [13.8440067, 54.3777417], [13.8393994, 54.3741124], [13.8337439, 54.3652663], [13.8231733, 54.339597], [13.8145667, 54.3214167], [13.8067428, 54.3129724], [13.7597203, 54.2768393], [13.72545, 54.2514333], [13.7025667, 54.2363], [13.6992818, 54.2352007], [13.6631416, 54.2260521], [13.6561783, 54.2231667], [13.6551812, 54.2227832], [13.6497906, 54.2189953], [13.6157333, 54.1871], [13.6112197, 54.1787378], [13.61123, 54.17372], [13.6118, 54.1719], [13.614899, 54.1665671], [13.6175375, 54.1638519], [13.622435, 54.1603883], [13.6236331, 54.1596999], [13.6425633, 54.1486]]}}, {"type": "Feature", "properties": {"osm_id": 1125009587, "name": "\u0421\u0435\u0432\u0435\u0440\u043d\u044b\u0439 \u041f\u043e\u0442\u043e\u043a", "kind": "pipeline", "operator": "Nord Stream AG"}, "geometry": {"type": "LineString", "coordinates": [[15.3676337, 55.220487], [15.3605, 55.2056667], [15.3401667, 55.1656667], [15.3092666, 55.1042788], [15.2659607, 55.018086]]}}, {"type": "Feature", "properties": {"osm_id": 622140049, "name": "Schwentinetunnel", "kind": "pipeline", "operator": "Stadtwerke Kiel AG"}, "geometry": {"type": "LineString", "coordinates": [[10.1786144, 54.3324162], [10.1754373, 54.328445]]}}, {"type": "Feature", "properties": {"osm_id": 1204845861, "name": "Baltic Pipe", "kind": "pipeline", "operator": "Energinet"}, "geometry": {"type": "LineString", "coordinates": [[9.6772975, 55.4688194], [9.7049081, 55.4722438], [9.7073221, 55.4725418], [9.7087598, 55.4728762], [9.7100043, 55.4733202], [9.7333422, 55.4834832]]}}, {"type": "Feature", "properties": {"osm_id": 804553521, "name": "Baltic Connector", "kind": "pipeline", "operator": null}, "geometry": {"type": "LineString", "coordinates": [[23.9647722, 60.0126369], [23.9943235, 60.0003047], [23.9956754, 59.9996634], [23.9965194, 59.9991984], [24.0067696, 59.9928979], [24.0080902, 59.9919593], [24.0090854, 59.9910698], [24.0096787, 59.9904325], [24.0101755, 59.9897835], [24.0109176, 59.9884354], [24.0118249, 59.9865889], [24.0129635, 59.9850405], [24.013855, 59.9841216], [24.0151586, 59.9830279], [24.0168199, 59.9819028], [24.0209463, 59.9794442], [24.0253397, 59.9775801], [24.0307368, 59.9759117], [24.0445158, 59.9716901], [24.0497017, 59.9698958], [24.0536166, 59.9682978], [24.0569414, 59.9667429], [24.0600636, 59.9650847], [24.0635785, 59.9629328], [24.0678371, 59.9598046], [24.0710809, 59.9565307], [24.077386, 59.9477663], [24.0803051, 59.9436206], [24.0833083, 59.9408315], [24.0866607, 59.937485], [24.088822, 59.9341975], [24.0903552, 59.9314127], [24.0930591, 59.9267058], [24.0957012, 59.9241475], [24.0987427, 59.9217644], [24.099791, 59.9203148], [24.1003946, 59.9187108], [24.1006354, 59.9172632], [24.1004659, 59.9147373], [24.100123, 59.912125], [24.0993094, 59.9095373], [24.0985525, 59.9074901], [24.0978002, 59.906087], [24.0947853, 59.9033934], [24.0916723, 59.9018655], [24.0866193, 59.8996414], [24.0811436, 59.8970645], [24.076658, 59.8948283], [24.0739234, 59.8931241], [24.0717524, 59.8914811], [24.0700514, 59.8899237], [24.0685071, 59.888193], [24.0658011, 59.8843733], [24.0634643, 59.8811538], [24.0617545, 59.8794634], [24.0595497, 59.8780781], [24.0578535, 59.8773087], [24.0557672, 59.8765855], [24.0506562, 59.8749436], [24.0476483, 59.8740145], [24.0452512, 59.8733164], [24.0428057, 59.8724168], [24.0408496, 59.8714249], [24.0392388, 59.8702861], [24.0376403, 59.868569], [24.036983, 59.8673413], [24.0367021, 59.8662018], [24.0367343, 59.8650569], [24.0370274, 59.8637921], [24.0377708, 59.8620639], [24.0399731, 59.8592768], [24.042638, 59.8570508], [24.0440403, 59.8545556], [24.0438668, 59.85168], [24.0435139, 59.8488165], [24.0430628, 59.846232], [24.0414732, 59.8440641], [24.0339053, 59.834422], [24.0335391, 59.8279452], [24.0339846, 59.8232791], [24.0338423, 59.8158136], [24.0331296, 59.8138566], [24.0315094, 59.8109932], [24.0312116, 59.8080249], [24.0312573, 59.8062297], [24.0307175, 59.8042587], [24.0298541, 59.801716], [24.0282979, 59.777313], [24.0281586, 59.7745307], [24.0284816, 59.7729431], [24.0316707, 59.7666102], [24.0347773, 59.7600689], [24.0348455, 59.7582761], [24.0345613, 59.7570825], [24.0333216, 59.7545755], [24.0316655, 59.7511038], [24.0314997, 59.7489192], [24.0323314, 59.746371], [24.0343422, 59.7415031], [24.0355273, 59.7394002], [24.0380944, 59.7369431], [24.0405289, 59.7346743], [24.0420005, 59.7319993], [24.0423094, 59.7300141], [24.0425862, 59.7278288], [24.0461001, 59.7192046], [24.050036, 59.7151149], [24.0509536, 59.7139665], [24.0518585, 59.712214], [24.0558824, 59.7023332], [24.0572233, 59.7003658], [24.0703205, 59.6861196], [24.0713545, 59.6848209], [24.0719013, 59.6839112], [24.07232, 59.6829842], [24.0726335, 59.6819373], [24.0736736, 59.6759645], [24.0739162, 59.6747318], [24.0741894, 59.6738995], [24.0750005, 59.6723191], [24.0803466, 59.6630655], [24.0808159, 59.6618136], [24.0811769, 59.6596318], [24.0812, 59.6592667], [24.0856167, 59.6263833], [24.08845, 59.6053], [24.0883667, 59.6038], [24.0878333, 59.6019833], [24.08695, 59.5987333], [24.0871333, 59.5970333], [24.0906, 59.5889167], [24.0953167, 59.57875], [24.0954, 59.5781167], [24.0973333, 59.56755], [24.0982833, 59.5624167], [24.1037333, 59.5461], [24.1128833, 59.5192333], [24.1136, 59.5179667], [24.1144333, 59.5168167], [24.1249667, 59.5041667], [24.12615, 59.5017], [24.1265333, 59.4996], [24.12635, 59.4974667], [24.1203, 59.4781667], [24.12015, 59.4772167], [24.1200833, 59.4763167], [24.1335, 59.4105], [24.1339, 59.4073333], [24.13285, 59.4046667], [24.1305167, 59.4022], [24.1275, 59.4002833], [24.115, 59.3947167], [24.1134, 59.3940667], [24.1114, 59.3933833], [24.10995, 59.3924333], [24.1082, 59.3916167], [24.1039667, 59.3897], [24.1015, 59.38865], [24.0994, 59.3880333], [24.0967167, 59.3874333], [24.0937167, 59.387], [24.0767667, 59.3852667]]}}, {"type": "Feature", "properties": {"osm_id": 174097214, "name": "Estlink 1", "kind": "power", "operator": "EE"}, "geometry": {"type": "LineString", "coordinates": [[24.5519704, 59.4391296], [24.5513518, 59.4395128], [24.5506201, 59.4427516], [24.5418377, 59.4541702], [24.4604717, 59.4896563], [24.4605007, 59.4973413], [24.4833276, 59.5126708], [24.4799963, 59.5333313], [24.4486526, 59.5516745], [24.4404546, 59.6004267], [24.4466886, 59.6334688], [24.4489829, 59.6639853], [24.391, 59.7108537], [24.3904786, 59.7167266], [24.3928656, 59.7336851], [24.393051, 59.7344385], [24.4082188, 59.7576565], [24.4254143, 59.8036012], [24.4351245, 59.8122721], [24.4421232, 59.8173058], [24.4409645, 59.8194205], [24.4430502, 59.8276971], [24.4509759, 59.8592355], [24.4427257, 59.8651697], [24.4420073, 59.8658677], [24.4429575, 59.8675895], [24.4378359, 59.8705851], [24.4365381, 59.8749703], [24.4330388, 59.8782094], [24.4322392, 59.8808696], [24.4291222, 59.8830703], [24.4287225, 59.8834075], [24.4278245, 59.8841866], [24.4303027, 59.8920795], [24.4269482, 59.9030097], [24.4300681, 59.9083695], [24.4293352, 59.9138723], [24.4286819, 59.9140578], [24.4143897, 59.9197205], [24.3963679, 59.9232833], [24.3958175, 59.9241313], [24.3960025, 59.9253081], [24.3969179, 59.928169], [24.399176, 59.9333561], [24.3966959, 59.9372241], [24.3914867, 59.9413466], [24.3865882, 59.9501129], [24.3864404, 59.9505525], [24.3862985, 59.9557248], [24.3866649, 59.9590808], [24.3843344, 59.9598537], [24.3834422, 59.9600466], [24.3746562, 59.9601365], [24.3739725, 59.96037], [24.373609, 59.9605991], [24.3723691, 59.9649325], [24.3723648, 59.9653139], [24.371164, 59.9669044], [24.3708917, 59.9676627], [24.369972, 59.9696409], [24.3921819, 59.9863573], [24.3937694, 59.9875165], [24.3949745, 59.9881308], [24.4030334, 59.9913386], [24.4044413, 59.9918573], [24.4055884, 59.9929496], [24.4101625, 59.9966784], [24.413982, 60.0026206], [24.4179434, 60.0116314], [24.4305794, 60.0166205], [24.4362224, 60.0258786], [24.4387136, 60.0299712], [24.4414482, 60.0327322], [24.4434586, 60.035082], [24.4437483, 60.0353395], [24.4443161, 60.0358329], [24.4448028, 60.0362583], [24.4449693, 60.0363914], [24.4501836, 60.0397182], [24.4586221, 60.043556], [24.4611249, 60.0456129], [24.4641376, 60.0497841], [24.4665594, 60.053706], [24.4696879, 60.0575407], [24.4714666, 60.0603543], [24.4738188, 60.0630838], [24.4742649, 60.0633368], [24.4748588, 60.0638413], [24.4758733, 60.0647047], [24.4766287, 60.0653476]]}}, {"type": "Feature", "properties": {"osm_id": 804551747, "name": "Baltic Sea Submarine Cable", "kind": "telecom", "operator": "CITIC Telecom"}, "geometry": {"type": "LineString", "coordinates": [[19.654869, 59.7940694], [19.665443, 59.7934481], [19.7000098, 59.7844982], [19.75716, 59.7809817], [19.8069601, 59.7850316], [19.8129899, 59.784669], [20.0005519, 59.7732288], [20.2550812, 59.7573147], [20.2916616, 59.7549828], [20.3392375, 59.7552889], [20.4203333, 59.7566667], [20.5, 59.7391667], [20.6496667, 59.7418333], [20.7833333, 59.7198333], [20.8663333, 59.7318333], [21.0, 59.7366667], [21.0166667, 59.7427778], [21.0376667, 59.7503333], [21.15, 59.7277778], [21.176, 59.7226667], [21.2401667, 59.7388333], [21.3083333, 59.77525], [21.3131667, 59.7779167], [21.3605, 59.7844167]]}}, {"type": "Feature", "properties": {"osm_id": 804551780, "name": "Marika", "kind": "telecom", "operator": "Arelion"}, "geometry": {"type": "LineString", "coordinates": [[20.2879982, 59.9553333], [20.2886648, 59.9528333], [20.2878315, 59.95], [20.3056648, 59.9313333], [20.3668316, 59.939], [20.4038317, 59.9368333], [20.408665, 59.9381667], [20.4133318, 59.9378333], [20.4199984, 59.9363334], [20.4404985, 59.9353334], [20.4669985, 59.9324999], [20.4771652, 59.933], [20.4803319, 59.9324999], [20.4884984, 59.9345001], [20.4906651, 59.9343334], [20.4949985, 59.9335001], [20.4984986, 59.9338333], [20.5059985, 59.9324999], [20.5094986, 59.9298333], [20.522332, 59.9253334], [20.5348319, 59.9186666], [20.5464987, 59.9183334], [20.5509986, 59.9188333], [20.5641653, 59.9183334], [20.5726653, 59.9185001], [20.5804988, 59.9168333], [20.584832, 59.9166666], [20.5903321, 59.9164999], [20.6016653, 59.9178333], [20.6349987, 59.9256666], [20.6786654, 59.9203334], [20.7134989, 59.9113334], [20.7369989, 59.914], [20.7471656, 59.914], [20.7603323, 59.9153334], [20.7666655, 59.918], [20.8148323, 59.926], [20.8261657, 59.923], [20.854999, 59.9296666], [20.8558341, 59.9298231], [20.8576656, 59.9311667], [20.8564991, 59.9353334], [20.8606656, 59.9444999], [20.8683324, 59.9463334], [20.8718323, 59.9501667], [20.8783324, 59.9521667], [20.8821657, 59.9553334], [20.8884991, 59.959], [20.8934991, 59.9608333], [20.895499, 59.9631667], [20.9189991, 59.9648333], [20.9376657, 59.9643334], [20.9666657, 59.967], [20.9753325, 59.9688333], [21.0058325, 59.9691667], [21.0366658, 59.9724999], [21.0549992, 59.9714999], [21.1129993, 59.9723334], [21.1314994, 59.979], [21.1526659, 59.9828333], [21.1538326, 59.9851667], [21.1628326, 59.989], [21.1646659, 59.9915001], [21.1634994, 59.9946666], [21.1644994, 59.9983334], [21.1654994, 59.9985001], [21.172166, 59.9994999], [21.1746659, 60.0008333], [21.1804992, 60.0086666], [21.1948326, 60.0133334], [21.2319994, 60.0178333], [21.2381661, 60.02], [21.2501661, 60.0201667], [21.2548327, 60.0234999], [21.2753328, 60.0241667], [21.2823328, 60.0264999], [21.288666, 60.027], [21.2948327, 60.0285001], [21.3154995, 60.0348333], [21.3434995, 60.0458333], [21.3471661, 60.0518333], [21.3638328, 60.0615001], [21.3718328, 60.0656666], [21.3913329, 60.0791667], [21.4033329, 60.0828333], [21.4034996, 60.088], [21.4106661, 60.0921667], [21.4464996, 60.1013334], [21.4561662, 60.1056666], [21.4626661, 60.1158333]]}}, {"type": "Feature", "properties": {"osm_id": 804551782, "name": "Eastern Light Sweden-Finland I", "kind": "telecom", "operator": "Eastern Light"}, "geometry": {"type": "LineString", "coordinates": [[21.3659121, 59.7852737], [21.3649852, 59.7851053], [21.3640689, 59.7848489], [21.3626729, 59.7848233], [21.3612195, 59.7848399], [21.3597078, 59.7848283], [21.3569044, 59.7845849], [21.3498761, 59.7839033], [21.3471361, 59.7836967], [21.3415812, 59.7831916], [21.3352011, 59.7831733], [21.3258895, 59.7822883], [21.3230745, 59.7822832], [21.3199144, 59.7822132], [21.3127944, 59.78093], [21.3127112, 59.78086], [21.3066111, 59.7788483], [21.3029545, 59.778935], [21.3003693, 59.7778034], [21.298056, 59.7766301], [21.2979011, 59.7765233], [21.2962528, 59.7756883], [21.2950512, 59.7736933], [21.2857178, 59.7705434], [21.2851128, 59.770325], [21.2795328, 59.7674367], [21.2729777, 59.7645683], [21.2705727, 59.7634933], [21.2622327, 59.7600734], [21.2598827, 59.7586367], [21.2575944, 59.7571033], [21.2462044, 59.7530517], [21.2441494, 59.7522666], [21.2356443, 59.7470499], [21.2343843, 59.7463916], [21.2312511, 59.7449799], [21.226951, 59.7430933], [21.223086, 59.7397117], [21.2222961, 59.7390267], [21.2184493, 59.7367416], [21.2144527, 59.7336116], [21.2139544, 59.7322333], [21.213946, 59.7321366], [21.2091077, 59.72622], [21.2068826, 59.7240734], [21.2038944, 59.72108], [21.1983259, 59.71626], [21.1977428, 59.7157416], [21.1924926, 59.7098066], [21.190901, 59.7081583], [21.1846727, 59.7019149], [21.183031, 59.7001934], [21.1776643, 59.6948832], [21.1758894, 59.6920716], [21.174141, 59.6895434], [21.1686627, 59.6839366], [21.1681877, 59.6834267], [21.1520294, 59.6817266], [21.1503877, 59.6815516], [21.1433843, 59.6812267], [21.1383359, 59.6807699], [21.134551, 59.6808917], [21.1327993, 59.6809416], [21.1239327, 59.6803099], [21.1171293, 59.6798549], [21.114176, 59.6796084], [21.1094243, 59.6792951], [21.0996326, 59.6785767], [21.0984376, 59.6785284], [21.0845676, 59.6784383], [21.0818975, 59.6783183], [21.0767525, 59.6778782], [21.0643308, 59.677005], [21.060321, 59.6767416], [21.0541041, 59.6764166], [21.0469691, 59.67567], [21.0466125, 59.675685], [21.0438909, 59.675355], [21.0408275, 59.6751916], [21.0357059, 59.6750449], [21.0313842, 59.6751651], [21.0293809, 59.6750566], [21.0266758, 59.6748517], [21.0228875, 59.6744549], [21.0195408, 59.674085], [21.0118708, 59.6736782], [21.0096993, 59.673525], [20.9943041, 59.6725334], [20.9917458, 59.6723633], [20.9769875, 59.670925], [20.9766491, 59.6708417], [20.9682274, 59.669665], [20.9595291, 59.6694283], [20.9541075, 59.6691899], [20.9443708, 59.6687266], [20.9418858, 59.668595], [20.9370441, 59.6683799], [20.9243925, 59.6673133], [20.9196557, 59.6669067], [20.9071808, 59.6656034], [20.9070691, 59.6655617], [20.8928857, 59.6646433], [20.8894657, 59.6646267], [20.8836524, 59.6647916], [20.8787541, 59.6646533], [20.8731457, 59.6641984], [20.8718741, 59.6640933], [20.8704823, 59.6638916], [20.868514, 59.6638317], [20.8654957, 59.6631667], [20.8592223, 59.6625583], [20.8561007, 59.6629617], [20.8546006, 59.6629366], [20.8515124, 59.66273], [20.8403123, 59.6618132], [20.8385523, 59.661335], [20.837264, 59.66121], [20.8285356, 59.6606634], [20.8233123, 59.6606216], [20.819809, 59.6600216], [20.8188439, 59.6597183], [20.8102772, 59.65962], [20.8027223, 59.6582866], [20.802539, 59.6582716], [20.7948323, 59.6583167], [20.7875239, 59.6578301], [20.7849323, 59.6577651], [20.781754, 59.6576549], [20.7717373, 59.6567651], [20.7674872, 59.6563733], [20.7674473, 59.6563916], [20.7559522, 59.6561416], [20.7522539, 59.6552084], [20.7503189, 59.6549883], [20.7453889, 59.6547966], [20.7326372, 59.6543667], [20.7263056, 59.6541049], [20.7183323, 59.6536], [20.7150622, 59.653465], [20.7113505, 59.65322], [20.7064988, 59.6526967], [20.7025056, 59.6524766], [20.7003005, 59.65261], [20.6992055, 59.6524684], [20.6976289, 59.6521384], [20.6958488, 59.6515266], [20.6866488, 59.6506084], [20.6803438, 59.6507183], [20.6769438, 59.6507017], [20.6717671, 59.65023], [20.6655254, 59.6489516], [20.6632505, 59.6489133], [20.6606888, 59.6490232], [20.6442722, 59.6474166], [20.641817, 59.6473717], [20.6340521, 59.6467099], [20.6285037, 59.6464016], [20.6255921, 59.64621], [20.6240838, 59.6460684], [20.6187754, 59.6465767], [20.611227, 59.6457049], [20.6054354, 59.6450333], [20.6031287, 59.6444349], [20.5991638, 59.644195], [20.5940254, 59.6439434], [20.5928354, 59.6438782], [20.5888721, 59.643825], [20.5861804, 59.6428832], [20.5831786, 59.6428166], [20.5768703, 59.6424216], [20.569042, 59.6419083], [20.564132, 59.6413849], [20.5594887, 59.64096], [20.5594319, 59.6411233], [20.557522, 59.6414533], [20.5524504, 59.6418], [20.542322, 59.6409482], [20.5384002, 59.6406599], [20.5337587, 59.6409516], [20.5282435, 59.6405717], [20.5249336, 59.6399933], [20.5208052, 59.63936], [20.5076136, 59.6383001], [20.4983169, 59.6376], [20.4902318, 59.6367616], [20.4826152, 59.6359966], [20.4768785, 59.6355783], [20.4728601, 59.63522], [20.4677552, 59.6348433], [20.4626252, 59.6346417], [20.4593134, 59.6342], [20.4553585, 59.6340533], [20.4546568, 59.6341249], [20.4460019, 59.6344549], [20.4413968, 59.634075], [20.4378235, 59.6338166], [20.4336518, 59.6334616], [20.4263818, 59.6327183], [20.4229517, 59.6325033], [20.4206185, 59.6320349], [20.4188618, 59.6316633], [20.4140317, 59.63114], [20.4111033, 59.63116], [20.4069601, 59.6310467], [20.4035567, 59.63082], [20.4031667, 59.6307749], [20.39006, 59.6299699], [20.3856549, 59.6296932], [20.3853368, 59.6297033], [20.37655, 59.6294316], [20.36801, 59.6288816], [20.3649133, 59.6286716], [20.360625, 59.6283482], [20.35895, 59.628215], [20.355415, 59.6274016], [20.3507349, 59.6270583], [20.33572, 59.6259233], [20.3332183, 59.6257384], [20.3309565, 59.6255867], [20.3249682, 59.6247067], [20.3185565, 59.6243], [20.31592, 59.6239582], [20.3153383, 59.6239033], [20.2973599, 59.6230483], [20.2807382, 59.6220483], [20.2790764, 59.6219683], [20.2632164, 59.6207749], [20.2579731, 59.6203983], [20.2500998, 59.6199149], [20.2455814, 59.6199017], [20.2446781, 59.6199217], [20.2402998, 59.6189466], [20.2360131, 59.6185867], [20.2283798, 59.6181899], [20.2280597, 59.6181566], [20.218973, 59.6178433], [20.210708, 59.617695], [20.208198, 59.6176467], [20.2006281, 59.6162583], [20.1935946, 59.6156615], [20.1847113, 59.6149083], [20.1760762, 59.6143016], [20.1741346, 59.6142316], [20.1632946, 59.6133699], [20.1586079, 59.6129466], [20.1510312, 59.6123067], [20.1442412, 59.6120734], [20.1410512, 59.6120467], [20.1386229, 59.6120367], [20.1329529, 59.6116565], [20.1309629, 59.6109434], [20.1238412, 59.6104882], [20.1095761, 59.6093384], [20.1063629, 59.6092816], [20.1056995, 59.6092683], [20.1003978, 59.6092417], [20.0961795, 59.6079249], [20.0894228, 59.6074316], [20.0884662, 59.6073117], [20.0819145, 59.6070966], [20.0718477, 59.606545], [20.0689795, 59.6063666], [20.0623494, 59.6054399], [20.054361, 59.6055315], [20.0488227, 59.6055632], [20.0448677, 59.6051899], [20.0397126, 59.6031117], [20.0381593, 59.6029867], [20.0270827, 59.6027717], [20.0204592, 59.6028982], [20.0200959, 59.6029283], [20.0077709, 59.6017149], [20.0030692, 59.6013383], [19.9937843, 59.6007349], [19.9854108, 59.6006565], [19.9834758, 59.6006467], [19.9764509, 59.5994399], [19.9740125, 59.5985999], [19.9708226, 59.5981632], [19.9687425, 59.598145], [19.9685409, 59.5982832], [19.9661959, 59.5987299], [19.9649174, 59.5987032], [19.9617275, 59.5985833], [19.9513491, 59.5974282], [19.9446191, 59.5966449], [19.938664, 59.5966665], [19.938465, 59.5965742]]}}, {"type": "Feature", "properties": {"osm_id": 804551936, "name": "BCS North", "kind": "telecom", "operator": "Arelion"}, "geometry": {"type": "LineString", "coordinates": [[20.0671726, 60.1174324], [20.0676972, 60.1176651], [20.0809415, 60.1218451], [20.1061158, 60.1300794], [20.2112227, 60.1645795], [20.2144983, 60.1652384], [20.2174268, 60.1659403], [20.2196788, 60.1663742], [20.2218664, 60.1671892], [20.2245255, 60.1679138], [20.2267594, 60.1688633], [20.2282192, 60.1692716], [20.2306031, 60.1697946], [20.2323196, 60.169842], [20.2371383, 60.1691323], [20.240429, 60.1684028], [20.243279, 60.16768], [20.2450962, 60.1671385], [20.248968, 60.1675801], [20.2499983, 60.1677453], [20.2528411, 60.168201], [20.2559523, 60.1687228], [20.256018, 60.1687346], [20.257018, 60.1689872], [20.2654096, 60.1668961], [20.265791, 60.1667536], [20.2671263, 60.1661831], [20.2697967, 60.1650898], [20.2763297, 60.1597862], [20.2764724, 60.1596703], [20.2820033, 60.1570556], [20.2902046, 60.1536322], [20.2934474, 60.1516825], [20.2964992, 60.1497803], [20.298311, 60.1482109], [20.3000277, 60.1454999], [20.3002186, 60.144834], [20.3138551, 60.1455002], [20.3199393, 60.1404105], [20.333958, 60.1339405], [20.3360557, 60.1339405], [20.3428246, 60.1332615], [20.3455514, 60.1329026], [20.3474796, 60.1326197], [20.3534251, 60.1321167], [20.3561641, 60.1320904], [20.3580429, 60.1322949], [20.3651265, 60.1327937], [20.3688946, 60.132971], [20.3725303, 60.1330154], [20.3747878, 60.1328773], [20.3784103, 60.1325921], [20.3810411, 60.1324488], [20.3854417, 60.1321864], [20.3942426, 60.1318524], [20.4008913, 60.1315063], [20.4036655, 60.1313871], [20.4090465, 60.1310291], [20.4143977, 60.1308415], [20.4270186, 60.1303819], [20.428611, 60.1303249], [20.4440158, 60.1288265], [20.4459438, 60.1286041], [20.4486654, 60.1283563], [20.4513349, 60.1286958], [20.4617489, 60.129988], [20.4852766, 60.1352086], [20.4999985, 60.1305756], [20.5039395, 60.1293353], [20.5315796, 60.1296272], [20.5451639, 60.1329812], [20.5526917, 60.1347516], [20.5616586, 60.1373002], [20.5713462, 60.1396118], [20.5932024, 60.1401799], [20.5958733, 60.1409957], [20.629935, 60.1513932], [20.6365764, 60.1527228], [20.6470575, 60.1548202], [20.6570108, 60.1550186], [20.6670462, 60.1579199], [20.669382, 60.1586215], [20.6701825, 60.1583434], [20.6894704, 60.1352583], [20.6962882, 60.1357051], [20.7293262, 60.1392746], [20.7499989, 60.1425577], [20.7529638, 60.1430286], [20.7740661, 60.1406188], [20.8046371, 60.1432965], [20.8230539, 60.14089], [20.8252649, 60.1397432], [20.8274147, 60.1388682], [20.8364497, 60.1376349], [20.8389641, 60.1372018], [20.8563482, 60.1363019], [20.8662219, 60.1354585], [20.8672971, 60.1352685], [20.8695965, 60.1335287], [20.8722909, 60.1324066], [20.8817308, 60.13122], [20.8870671, 60.1323294], [20.8896623, 60.1326881], [20.894646, 60.1327962], [20.8954358, 60.1334233], [20.8950716, 60.1347703], [20.8964542, 60.1351384], [20.8994889, 60.1354335], [20.9029539, 60.1356954], [20.9062057, 60.1356582], [20.913875, 60.1349876], [20.9180361, 60.1346662], [20.9227482, 60.1326147], [20.9246741, 60.1323438], [20.9283982, 60.1326], [20.993753, 60.1317488], [20.9966625, 60.1307919], [20.9976611, 60.1304635], [21.0059933, 60.1305065], [21.0133815, 60.1275899], [21.0159983, 60.126037], [21.0186807, 60.1261362], [21.0203254, 60.1271446], [21.0209824, 60.1273737], [21.0228658, 60.1275097], [21.026953, 60.1269865], [21.0503054, 60.1266863], [21.0550995, 60.126583], [21.0618381, 60.1272703], [21.0691797, 60.13075], [21.0705638, 60.130962], [21.0740232, 60.1299199], [21.0791752, 60.1303101], [21.0879002, 60.1285212], [21.0969158, 60.1286782], [21.0976383, 60.1290116], [21.0989139, 60.130805], [21.1000254, 60.1318551], [21.10526, 60.1320161], [21.1149726, 60.1325835], [21.1355248, 60.1340335], [21.1398342, 60.1339787], [21.1406222, 60.1339635], [21.1440988, 60.1344363], [21.1481954, 60.1350485], [21.1501028, 60.1346686], [21.1529834, 60.1345819], [21.1603411, 60.1349643], [21.162265, 60.1353695], [21.1851508, 60.1373285], [21.2023632, 60.1348954], [21.2133057, 60.1376696], [21.2326389, 60.1343853], [21.2343089, 60.1341715], [21.240281, 60.134133], [21.2496338, 60.1338213], [21.2545106, 60.1331964], [21.2788968, 60.1312184], [21.3014393, 60.133755], [21.310692, 60.1330086], [21.316989, 60.1325618], [21.325244, 60.1327285], [21.356538, 60.1337056], [21.4222253, 60.1416182], [21.4385913, 60.1508424], [21.4424455, 60.1536281], [21.446872, 60.1554227], [21.4503893, 60.1590335], [21.4593155, 60.1652131], [21.4625924, 60.1686016], [21.4768063, 60.179655], [21.4815319, 60.1824347], [21.4840559, 60.1842216], [21.4954164, 60.1903099], [21.5185349, 60.1914279], [21.5356515, 60.1943747], [21.5654741, 60.205817], [21.565851, 60.2059046], [21.593803, 60.21239], [21.6354571, 60.2115851], [21.6703406, 60.2172388], [21.6729094, 60.2175085], [21.6863465, 60.2182197], [21.7144869, 60.2216535], [21.7183155, 60.2206644], [21.7223126, 60.2196319], [21.7241744, 60.2190519], [21.7275567, 60.2187901], [21.729894, 60.2181848], [21.73253, 60.2173905], [21.7361166, 60.2168302], [21.7403424, 60.2163867], [21.7430677, 60.216913], [21.7496785, 60.2187812], [21.7499997, 60.2188627], [21.7650666, 60.2226911], [21.7876552, 60.2245112], [21.8039508, 60.2225824], [21.8134701, 60.2192834], [21.8211365, 60.2208931], [21.8281694, 60.2209679], [21.8414309, 60.2234426], [21.8434568, 60.2236399], [21.847189, 60.2234562], [21.8918264, 60.2234661], [21.8946305, 60.2234662], [21.9012724, 60.2234664], [21.9492597, 60.2253731], [21.9641792, 60.2267162], [21.9702379, 60.2274152], [21.9752982, 60.227292], [21.9999998, 60.2276066], [22.0005276, 60.2276132], [22.0074914, 60.2278371], [22.0089396, 60.2275361], [22.0101724, 60.2272798], [22.0261747, 60.2227382], [22.0358098, 60.22272], [22.0527729, 60.2230614], [22.0592834, 60.2244636], [22.0723001, 60.2249885], [22.0793124, 60.2251484], [22.0974421, 60.2255602], [22.1071472, 60.2225158], [22.1079686, 60.2209201], [22.1134498, 60.2070168], [22.1311948, 60.2026551], [22.1579076, 60.202], [22.1596895, 60.2027699], [22.1623307, 60.2032566], [22.1642795, 60.2028897], [22.1656793, 60.2019321], [22.1679619, 60.2017683], [22.1688602, 60.2013171], [22.1895724, 60.2034614], [22.1969028, 60.2035966], [22.2012451, 60.2035588]]}}, {"type": "Feature", "properties": {"osm_id": 804553522, "name": "C-Lion 1", "kind": "telecom", "operator": "Cinia"}, "geometry": {"type": "LineString", "coordinates": [[22.9732526, 59.8220542], [22.9807045, 59.8167774], [22.9808936, 59.8166181], [22.9860999, 59.8129934], [22.9864773, 59.8127119], [22.9874999, 59.8112365], [22.9894626, 59.808509], [22.9897294, 59.8081875], [22.9898854, 59.8079101], [22.9899287, 59.8077243], [22.9900533, 59.8064344], [22.9900487, 59.8060747], [22.989666, 59.8047074], [22.9896533, 59.8045311], [22.9896965, 59.8037286], [22.9897262, 59.803542], [22.9897953, 59.8033701], [22.990312, 59.8024115], [22.9905418, 59.8017885], [22.9905874, 59.8015986], [22.9905692, 59.8014106], [22.9904259, 59.8010483], [22.9902784, 59.8007681], [22.9900925, 59.8005273], [22.9897652, 59.8002714], [22.9890734, 59.7998242], [22.9873982, 59.7991151], [22.9832062, 59.7970136], [22.9815346, 59.7959726], [22.9804504, 59.7953418], [22.9742666, 59.791608], [22.974076, 59.791467], [22.9688424, 59.7870233], [22.968729, 59.786867], [22.9685953, 59.7865927], [22.9683282, 59.7859815], [22.9682521, 59.7857024], [22.9683905, 59.7845357], [22.9690261, 59.7827739], [22.96916, 59.7823174], [22.9693085, 59.7819704], [22.9694272, 59.7818002], [22.9698445, 59.7813708], [22.9720809, 59.7788879], [22.9726107, 59.7782344], [22.9730925, 59.7777491], [22.974798, 59.7758537], [22.9807163, 59.7704875], [22.9811332, 59.7700711], [22.9850071, 59.7655053], [22.9852954, 59.7651909], [22.9855316, 59.7648575], [22.9856691, 59.7645789], [22.9867036, 59.7598456], [22.9867344, 59.7592976], [22.9866875, 59.7591355], [22.9849896, 59.7549756], [22.984841, 59.7544464], [22.984829, 59.7540849], [22.9849679, 59.7487468], [22.9847081, 59.742349], [22.9846447, 59.7420118], [22.9835632, 59.7384867], [22.9834943, 59.7382258], [22.9834599, 59.7379542], [22.9835104, 59.7372353], [22.9837033, 59.7355921], [22.9837378, 59.7350868], [22.9838879, 59.7345869], [22.9842911, 59.7340431], [22.985427, 59.7326408], [22.9857518, 59.7322075], [22.986165, 59.7318163], [22.9900356, 59.7297226], [22.9906444, 59.7294351], [22.9918931, 59.7290505], [22.99696, 59.7276589], [22.9978931, 59.7273862], [23.0018829, 59.7259665], [23.0062195, 59.7244788], [23.0112782, 59.7230363], [23.0172291, 59.7213645], [23.0177058, 59.7212032], [23.0179889, 59.7210858], [23.0193788, 59.7203357], [23.0198569, 59.720056], [23.0201822, 59.7198141], [23.023338, 59.717178], [23.0237937, 59.7167524], [23.0252651, 59.7145409], [23.0257054, 59.7138383], [23.0268578, 59.7122707], [23.0270302, 59.7119699], [23.0273722, 59.7110473], [23.0275905, 59.7107058], [23.0277, 59.7105891], [23.0285894, 59.7098546], [23.0292635, 59.7093542], [23.0300916, 59.708791], [23.0310981, 59.7082419], [23.0329419, 59.7073063], [23.0368949, 59.7052048], [23.0373976, 59.7049531], [23.0381199, 59.7046727], [23.0392044, 59.7043293], [23.0446945, 59.7027977], [23.0508789, 59.7013749], [23.0533299, 59.7008292], [23.0537094, 59.7007019], [23.0563581, 59.6996761], [23.0594322, 59.6985339], [23.0617507, 59.6976388], [23.0624791, 59.6973282], [23.0722295, 59.6917608], [23.0737384, 59.6908636], [23.0748386, 59.6902788], [23.0761188, 59.6897253], [23.0769577, 59.6894084], [23.0775881, 59.6892208], [23.0785767, 59.6890113], [23.0800786, 59.6887422], [23.0806214, 59.6886188], [23.0811133, 59.688461], [23.0826932, 59.6878779], [23.0840734, 59.6874698], [23.0846626, 59.6872451], [23.0855674, 59.6868487], [23.0882705, 59.685583], [23.0901957, 59.6847792], [23.090586, 59.6846369], [23.0912698, 59.6844533], [23.093224, 59.6840236], [23.0940925, 59.6838122], [23.0980687, 59.6826693], [23.0982961, 59.6825755], [23.0984422, 59.682492], [23.1005366, 59.6810757], [23.1009196, 59.6808542], [23.1012936, 59.6806702], [23.1020893, 59.6803332], [23.1047803, 59.6793413], [23.1064651, 59.6786784], [23.1073162, 59.6784098], [23.1096129, 59.677817], [23.1108739, 59.6775153], [23.1140342, 59.6766675], [23.1146107, 59.6765352], [23.1198177, 59.6756163], [23.1253787, 59.6746637], [23.1262333, 59.6745726], [23.1285414, 59.6744079], [23.1306911, 59.6743896], [23.1333792, 59.6744322], [23.1338782, 59.6744018], [23.134774, 59.6742969], [23.1440109, 59.672937], [23.1472299, 59.6724446], [23.1483244, 59.6722906], [23.1487004, 59.6722145], [23.1514859, 59.6718247], [23.1547989, 59.6712328], [23.1573987, 59.6707493], [23.1596583, 59.6703798], [23.1615026, 59.6700226], [23.1625471, 59.6697656], [23.1647975, 59.6691651], [23.1667126, 59.6686123], [23.1712401, 59.6673708], [23.17323, 59.6668535], [23.1754737, 59.6662315], [23.1790573, 59.6652918], [23.1809821, 59.6647561], [23.1819898, 59.6645146], [23.1841271, 59.6640482], [23.1853928, 59.663747], [23.1894463, 59.6628311], [23.1913736, 59.662371], [23.1955531, 59.6614664], [23.1970533, 59.6611662], [23.1978544, 59.6609631], [23.1990283, 59.6606222], [23.2000632, 59.6602791], [23.2008121, 59.6599626], [23.2012256, 59.6597559], [23.2025629, 59.65902], [23.2030343, 59.6587269], [23.2042392, 59.6579198], [23.2062727, 59.6563393], [23.2068737, 59.6559699], [23.207448, 59.655699], [23.2082395, 59.6554027], [23.2090669, 59.6551244], [23.2112993, 59.6544988], [23.2127507, 59.6541461], [23.2169149, 59.6532118], [23.2217325, 59.6521581], [23.2284403, 59.650661], [23.2294933, 59.650467], [23.2307516, 59.6502827], [23.2361352, 59.6496673], [23.2416594, 59.6489407], [23.2434433, 59.6487264], [23.2458875, 59.6484039], [23.246798, 59.648301], [23.2477369, 59.6482175], [23.2488143, 59.6481681], [23.2521484, 59.6481028], [23.2567113, 59.6479735], [23.2652977, 59.6477964], [23.2663407, 59.6478068], [23.268244, 59.6479688], [23.2692483, 59.648015], [23.2698578, 59.6480193], [23.2703314, 59.6479857], [23.2712345, 59.6478825], [23.2722107, 59.6477486], [23.2738805, 59.6474931], [23.2751294, 59.6472603], [23.2764186, 59.6469853], [23.2779608, 59.646626], [23.2784451, 59.6464909], [23.2788361, 59.646361], [23.279306, 59.6461395], [23.2801998, 59.6456428], [23.2814727, 59.6448585], [23.2825135, 59.6441674], [23.2830891, 59.6438453], [23.2834639, 59.6436698], [23.2846863, 59.6431986], [23.2876093, 59.6421737], [23.2894412, 59.6415074], [23.2901971, 59.6412603], [23.2908514, 59.6410757], [23.2911966, 59.6410059], [23.2925679, 59.6408041], [23.2931362, 59.6407416], [23.2939692, 59.6406747], [23.294678, 59.6406428], [23.2953239, 59.6406315], [23.2980152, 59.640644], [23.2989944, 59.6406061], [23.2995307, 59.6405522], [23.3005232, 59.640318], [23.3020832, 59.6398967], [23.3030711, 59.639684], [23.3041221, 59.6395006], [23.3054854, 59.639296], [23.306092, 59.6392174], [23.3078365, 59.6390279], [23.3082673, 59.6389624], [23.3088236, 59.6388542], [23.3110754, 59.6383556], [23.3150399, 59.6375488], [23.3170813, 59.6370967], [23.318653, 59.6369183], [23.3199314, 59.6368029], [23.3208548, 59.6367379], [23.3220037, 59.6366827], [23.323875, 59.6366367], [23.3276032, 59.636631], [23.3310668, 59.6365352], [23.3336261, 59.6364383], [23.3399815, 59.6362455], [23.3412046, 59.6361225], [23.3428542, 59.6358818], [23.3441008, 59.635732], [23.3467699, 59.6355601], [23.3487767, 59.6354868], [23.3530241, 59.6350575], [23.3545894, 59.634824], [23.3567257, 59.6344659], [23.3588496, 59.6341704], [23.3609239, 59.6337379], [23.3614555, 59.6336016], [23.3620344, 59.6333969], [23.3639466, 59.6326467], [23.3668797, 59.6317615], [23.3685029, 59.6313601], [23.3714361, 59.6307223], [23.3723216, 59.6305696], [23.3739378, 59.6303278], [23.3823205, 59.6291021], [23.3829635, 59.6289704], [23.3835819, 59.6288195], [23.3857425, 59.6281737], [23.3869969, 59.6278156], [23.3874145, 59.627709], [23.3881198, 59.6275574], [23.3907729, 59.6270431], [23.3939377, 59.6264986], [23.3968918, 59.6259631], [23.399617, 59.6254319], [23.4035117, 59.6247072], [23.4044005, 59.6245667], [23.4050259, 59.624494], [23.4059563, 59.6244147], [23.4084139, 59.6242388], [23.410759, 59.6241089], [23.4114483, 59.6240197], [23.4117722, 59.6239593], [23.4125228, 59.6237662], [23.4129224, 59.6236405], [23.4131597, 59.6235515], [23.4134252, 59.6234184], [23.4145635, 59.6227037], [23.4147207, 59.622569], [23.4172474, 59.620894], [23.4175837, 59.6207008], [23.4181192, 59.6204299], [23.4184342, 59.6202816], [23.4187722, 59.6201561], [23.4200032, 59.6197889], [23.4208539, 59.6195787], [23.4229174, 59.6190329], [23.4245305, 59.6185533], [23.4266046, 59.6179735], [23.430668, 59.6169178], [23.4322453, 59.6164858], [23.4345805, 59.6157799], [23.4385108, 59.6147334], [23.4399565, 59.614333], [23.4420557, 59.613723], [23.4445334, 59.6130784], [23.4458832, 59.6126858], [23.4478039, 59.6121739], [23.4484288, 59.6120184], [23.4489332, 59.6119316], [23.4519373, 59.6115592], [23.4533706, 59.6113977], [23.4543219, 59.611326], [23.4577015, 59.6111733], [23.4594041, 59.6110517], [23.46029, 59.6109429], [23.4627667, 59.6105456], [23.4631328, 59.610473], [23.4639262, 59.6102616], [23.4651019, 59.6099049], [23.4665293, 59.6095072], [23.4687382, 59.6088277], [23.4691878, 59.6087044], [23.4714524, 59.608265], [23.4740055, 59.6078152], [23.4751319, 59.6075402], [23.4755744, 59.6074086], [23.4758689, 59.6073021], [23.4772011, 59.606732], [23.4790605, 59.6057613], [23.4798002, 59.6053445], [23.4803106, 59.6051076], [23.4807156, 59.6049602], [23.4815439, 59.6046997], [23.4843185, 59.6039029], [23.4848515, 59.6037287], [23.4852061, 59.6035828], [23.4862404, 59.603094], [23.4866772, 59.6028491], [23.4872657, 59.6024798], [23.4876258, 59.6022075], [23.4881273, 59.6017619], [23.4884843, 59.601489], [23.4886007, 59.6013706], [23.4896877, 59.599925], [23.4905588, 59.598826], [23.4911323, 59.5979953], [23.4916852, 59.5970845], [23.4924639, 59.5955182], [23.4927176, 59.595087], [23.4929302, 59.5948388], [23.4930618, 59.5945783], [23.4932245, 59.5941359], [23.4932917, 59.5940525], [23.4933887, 59.5939773], [23.4935155, 59.5939157], [23.4936621, 59.5938646], [23.4938281, 59.5938353], [23.4940036, 59.5938276], [23.4943558, 59.5938507], [23.4945321, 59.5938408], [23.4946866, 59.5937977], [23.4948505, 59.5936371], [23.4948408, 59.5935479], [23.4947602, 59.5934682], [23.494513, 59.5933384], [23.4943484, 59.5931812], [23.4941502, 59.5927443], [23.4941447, 59.5926548], [23.4942866, 59.592121], [23.4943219, 59.5917583], [23.4982763, 59.5813246], [23.4984034, 59.5806793], [23.4978945, 59.5800338], [23.495805, 59.5779617]]}}, {"type": "Feature", "properties": {"osm_id": 804553648, "name": "BCS North", "kind": "telecom", "operator": "Arelion"}, "geometry": {"type": "LineString", "coordinates": [[22.2012441, 60.2035755], [22.1982118, 60.203431], [22.1933783, 60.2032641], [22.1923785, 60.2032641], [22.1900449, 60.202764], [22.1855449, 60.2009305], [22.1852115, 60.2005969], [22.184545, 60.2004304], [22.1835449, 60.200097], [22.1828782, 60.1997636], [22.1840455, 60.1960969], [22.1842122, 60.1959302], [22.1890462, 60.1920969], [22.1898797, 60.1900969], [22.2002143, 60.1830969], [22.1930066, 60.1783957], [22.1397132, 60.1682612], [22.13288, 60.1639275], [22.1398815, 60.1522607], [22.1403823, 60.1465939], [22.1353832, 60.1380933], [22.1772208, 60.1165935], [22.1943884, 60.1165941], [22.239891, 60.1132621], [22.2408912, 60.1130954], [22.2499998, 60.1117805], [22.2555366, 60.1109812], [22.2589674, 60.1107443], [22.2643452, 60.1107866], [22.2779959, 60.1108768], [22.2796306, 60.1107719], [22.2926731, 60.1070456], [22.2930656, 60.1068738], [22.2954443, 60.0992113], [22.2962204, 60.0984016], [22.2977019, 60.0978131], [22.3016518, 60.0955835], [22.303503, 60.0945991], [22.317267, 60.0819062], [22.3234684, 60.0801502], [22.3353562, 60.0779751], [22.336188, 60.0773262], [22.3362863, 60.0767713], [22.3380815, 60.0727962], [22.3396921, 60.0669312], [22.3412874, 60.0606163], [22.3420849, 60.0574587], [22.3419397, 60.0529568], [22.3418237, 60.0493554], [22.3418511, 60.0453108], [22.3422237, 60.0432021], [22.3423948, 60.0418571], [22.3429703, 60.0409943], [22.346125, 60.038973], [22.3630505, 60.0365038], [22.36385, 60.0361058], [22.3644437, 60.0352967], [22.3675517, 60.0292872], [22.3731852, 60.0178802], [22.3747633, 60.0108562], [22.377896, 60.0027493], [22.3792906, 60.0], [22.3801698, 59.9982671], [22.381173, 59.9965058], [22.3807727, 59.9953427], [22.3790274, 59.9915155], [22.3782693, 59.9868682], [22.3764579, 59.9823961], [22.3752602, 59.9790052], [22.3738439, 59.9754274], [22.3739755, 59.9730967], [22.3751349, 59.9684761], [22.3754153, 59.963779], [22.3771327, 59.9549228], [22.378264, 59.9501323], [22.3786606, 59.9493396], [22.3831376, 59.9476636], [22.3856441, 59.9468136], [22.3871096, 59.946333], [22.3883089, 59.9458995], [22.3887705, 59.9449629], [22.3887243, 59.9379094], [22.3888645, 59.9344392], [22.3895891, 59.930829], [22.3887968, 59.928157], [22.4041125, 59.9191817], [22.4061352, 59.9173529], [22.4091172, 59.9130945], [22.4141598, 59.9067601], [22.4163086, 59.9057166], [22.4184491, 59.9053914], [22.4224733, 59.9030695], [22.4255664, 59.9011901], [22.4262278, 59.9007264], [22.4300933, 59.899472], [22.4421021, 59.8995443], [22.4575798, 59.892289], [22.4676121, 59.8920331], [22.5031896, 59.9056388], [22.5099011, 59.9082238], [22.5169662, 59.9100983], [22.5231585, 59.911514], [22.5311182, 59.9133982], [22.5337388, 59.9147719], [22.5381462, 59.9161663], [22.5434475, 59.917571], [22.5461277, 59.917602], [22.5488078, 59.9176329], [22.5532164, 59.9190268], [22.5559159, 59.9186102], [22.5612764, 59.9186714], [22.568385, 59.919648], [22.578194, 59.9202068], [22.5906835, 59.9207953], [22.5996561, 59.92], [22.6077159, 59.9196417], [22.6130955, 59.9192535], [22.6212108, 59.9175518], [22.6266452, 59.9158202], [22.6338842, 59.9136605], [22.6420153, 59.9115101], [22.6473931, 59.9111201], [22.6527888, 59.9102829], [22.6590774, 59.9094548], [22.6644907, 59.9081694], [22.677102, 59.9056165], [22.682514, 59.9043303], [22.6861039, 59.9039201], [22.6968733, 59.9026895], [22.7058386, 59.901887], [22.7211061, 59.8998052], [22.731873, 59.8985715], [22.7444416, 59.8969074], [22.7489399, 59.8960569], [22.7499999, 59.8958415], [22.7552402, 59.8947767], [22.7597378, 59.893926], [22.7651446, 59.8926363], [22.7759734, 59.8896089], [22.7831806, 59.8878884], [22.7904033, 59.8857201], [22.8030449, 59.8818125], [22.8131525, 59.8788938], [22.8166123, 59.8776029], [22.8446144, 59.8699366], [22.8614495, 59.8629368], [22.8802839, 59.8599371], [22.8896182, 59.8554374], [22.8912855, 59.8512705], [22.9109548, 59.8339371], [22.9119552, 59.8331038], [22.9142889, 59.8307706], [22.9147888, 59.8306039], [22.9182891, 59.8296039], [22.9202893, 59.8289371], [22.9222895, 59.8281038], [22.9246585, 59.8276303]]}}, {"type": "Feature", "properties": {"osm_id": 804553678, "name": "Eastern Light Sweden-Finland I", "kind": "telecom", "operator": "Eastern Light"}, "geometry": {"type": "LineString", "coordinates": [[22.9127372, 59.8132401], [22.9245006, 59.8140241], [22.9527149, 59.8116533], [22.9651867, 59.80487], [22.9771, 59.7996399], [22.97834, 59.7997733], [22.9956983, 59.7983266], [23.0060483, 59.7972883], [23.0223899, 59.7954217], [23.03108, 59.79455], [23.03503, 59.7934301], [23.0466816, 59.7875017], [23.0491717, 59.7855183], [23.0509949, 59.7820333], [23.0525933, 59.7806467], [23.0544417, 59.7802533], [23.0604166, 59.7798734], [23.0687532, 59.7782716], [23.0831516, 59.7739017], [23.1033334, 59.7710116], [23.1203817, 59.7685651], [23.1415566, 59.7655083], [23.1436832, 59.7635984], [23.1506467, 59.7569699], [23.1568499, 59.7511817], [23.1600782, 59.7476483], [23.1621466, 59.7465099], [23.16887, 59.7406349], [23.175675, 59.7342616], [23.1900933, 59.7323516], [23.2015017, 59.7302517], [23.2049466, 59.7300517], [23.2109117, 59.730205], [23.2138016, 59.7267916], [23.2353583, 59.7236616], [23.2395733, 59.7233049], [23.2643017, 59.7209033], [23.28367, 59.7189817], [23.28834, 59.7195099], [23.2922383, 59.7187316], [23.2977133, 59.7191384], [23.307355, 59.7177017], [23.316275, 59.7169234], [23.3285366, 59.7161316], [23.336145, 59.7154867], [23.3551733, 59.713485], [23.3785083, 59.7117533], [23.3828333, 59.71274], [23.40153, 59.7169217], [23.4133767, 59.7196349], [23.4186449, 59.719985], [23.4438634, 59.7257217], [23.44808, 59.7266716], [23.4564816, 59.7292734], [23.4651717, 59.731265], [23.4702983, 59.73187], [23.47795, 59.7335567], [23.4841001, 59.7349083], [23.4869601, 59.7358499], [23.4956517, 59.7376901], [23.5088317, 59.740065], [23.5187067, 59.7427699], [23.5343049, 59.7462084], [23.5506116, 59.749815], [23.5609067, 59.7517884], [23.5652734, 59.7526467], [23.5758166, 59.7554433], [23.5886383, 59.75832], [23.5984283, 59.7595749], [23.6159217, 59.7634166], [23.6185849, 59.7641416], [23.6259466, 59.7658782], [23.6335817, 59.767485], [23.6409984, 59.7691384], [23.6470832, 59.7706933], [23.655255, 59.7730782], [23.6708467, 59.776595], [23.6744999, 59.7769482], [23.6786766, 59.777335], [23.6877167, 59.7790734], [23.6930883, 59.78092], [23.6989833, 59.7822166], [23.7063617, 59.7838616], [23.7078449, 59.7840566], [23.7130933, 59.7852251], [23.7212983, 59.7867984], [23.7390251, 59.7903833], [23.7425567, 59.7916967], [23.7484251, 59.7924917], [23.754345, 59.7940933], [23.7547749, 59.7941749], [23.767875, 59.7967717], [23.7721366, 59.798065], [23.7742267, 59.798065], [23.7760132, 59.7985284], [23.7843984, 59.8005366], [23.8013633, 59.8042666], [23.806685, 59.8056016], [23.8172449, 59.8080433], [23.8380917, 59.8125783], [23.8440734, 59.8138933], [23.8475533, 59.8145567], [23.8502349, 59.8151717], [23.8547601, 59.8162499], [23.8607966, 59.8175416], [23.878545, 59.8216666], [23.8815067, 59.8215601], [23.9001583, 59.8255133], [23.9175017, 59.8293217], [23.931285, 59.83293], [23.9353651, 59.8344833], [23.9437384, 59.8391916], [23.9513833, 59.843], [23.9611551, 59.8472566], [23.9706684, 59.8517767], [23.9758684, 59.8539817], [23.9898566, 59.8609667], [23.9992034, 59.86567], [24.0062084, 59.8666034], [24.0290499, 59.8664417], [24.0332833, 59.8662317], [24.0367416, 59.8666], [24.0388283, 59.8668251], [24.0529234, 59.8667601], [24.0637533, 59.8665934], [24.0704584, 59.8663133], [24.0847466, 59.86614], [24.0903984, 59.86594], [24.109415, 59.8656433], [24.1323667, 59.8646782], [24.1573583, 59.8645651], [24.1654383, 59.8648016], [24.1750666, 59.8720684], [24.184785, 59.8804016], [24.1941817, 59.8879149], [24.2032367, 59.8958716], [24.2118217, 59.9037083], [24.2195049, 59.9101334], [24.228415, 59.9172901], [24.2380166, 59.9254084], [24.2480933, 59.9339033], [24.2584983, 59.94227], [24.28947, 59.94234], [24.2983667, 59.9423183], [24.3113966, 59.9430517], [24.3154684, 59.9430616], [24.3181384, 59.9425934], [24.3531184, 59.9426301], [24.3603984, 59.9424584], [24.3620867, 59.9427683], [24.3636166, 59.9433416], [24.3691867, 59.9447234], [24.3719583, 59.9453434], [24.3782034, 59.94654], [24.3811416, 59.9466833], [24.3878816, 59.94786], [24.3903517, 59.9482833], [24.3936734, 59.9486951], [24.4004566, 59.949995], [24.4097334, 59.951015], [24.41506, 59.9527482], [24.4211434, 59.9552467], [24.4283749, 59.9577667], [24.4316084, 59.9590883], [24.4371167, 59.960885], [24.4417184, 59.9635183], [24.4490283, 59.9669083], [24.4523651, 59.9678901], [24.4663749, 59.9714116], [24.4733167, 59.9722951], [24.4805266, 59.9705234], [24.4845767, 59.9703916], [24.4871717, 59.96954], [24.4945466, 59.9670867], [24.4988933, 59.9672533], [24.5127884, 59.9684217], [24.5142816, 59.9696833], [24.5178983, 59.9737384], [24.5269434, 59.9748533], [24.5420983, 59.97721], [24.55635, 59.97968], [24.5611583, 59.9811651], [24.56261, 59.9822166], [24.5717733, 59.9851033], [24.5763867, 59.9860467], [24.5823001, 59.9874883], [24.5820399, 59.99174], [24.5833184, 59.995875], [24.5887133, 59.9969033], [24.6019783, 60.0004734], [24.606205, 60.0047867], [24.6170433, 60.0073266], [24.6213567, 60.0072517], [24.6266467, 60.0079117], [24.642535, 60.0102417], [24.6428417, 60.0103717], [24.661685, 60.0173083], [24.6691699, 60.0200517], [24.6884983, 60.0267099], [24.6934684, 60.0295384], [24.7005483, 60.033595], [24.7052933, 60.0381799], [24.7158716, 60.04715], [24.7196634, 60.0503583], [24.726475, 60.0550566], [24.7291316, 60.0595049], [24.73188, 60.0641733], [24.7381517, 60.0683284], [24.7526, 60.0762901], [24.7682782, 60.0798933], [24.7741651, 60.0808066], [24.8121651, 60.0866716], [24.81505, 60.0933416], [24.8198933, 60.100885], [24.8238066, 60.1095717], [24.8299466, 60.1129601], [24.832585, 60.1147567], [24.8413218, 60.1216883], [24.8436201, 60.1259384], [24.8429817, 60.1304084], [24.8571384, 60.1348634], [24.8624666, 60.13828], [24.8668883, 60.1411167], [24.8683083, 60.14228], [24.8682833, 60.142405], [24.868195, 60.1424684], [24.8678666, 60.1425167], [24.8674766, 60.14255], [24.8669717, 60.1425117], [24.866125, 60.1425117], [24.8607266, 60.1437833], [24.86059, 60.1438217]]}}, {"type": "Feature", "properties": {"osm_id": 804553679, "name": "BCS North - Phase 1", "kind": "telecom", "operator": "Arelion"}, "geometry": {"type": "LineString", "coordinates": [[22.9128073, 59.8126275], [22.9143333, 59.8128333], [22.9233333, 59.8126666], [22.9338333, 59.811], [22.9566666, 59.8086666], [22.9579999, 59.8081667], [22.9746666, 59.7965001], [23.0088333, 59.7933334], [23.0208333, 59.7858333], [23.0213333, 59.7856666], [23.0471667, 59.7793334], [23.0481667, 59.7793334], [23.0583334, 59.78], [23.0636666, 59.7798333], [23.1126666, 59.7775001], [23.1248333, 59.7775001], [23.1416666, 59.78], [23.1433334, 59.7798333], [23.1593334, 59.7794999], [23.1681667, 59.7813334], [23.1896666, 59.784], [23.2064999, 59.7834999], [23.2121667, 59.7834999], [23.2176666, 59.7813334], [23.2285001, 59.7811667], [23.238, 59.7796666], [23.2536666, 59.7816666], [23.2764784, 59.7831123], [23.2925001, 59.7875001], [23.3643334, 59.7898333], [23.382, 59.7913334], [23.4056666, 59.7893334], [23.415, 59.7894999], [23.4186666, 59.7901667], [23.4293334, 59.7918333], [23.4463334, 59.7916666], [23.4646666, 59.7936666], [23.473, 59.788], [23.4796666, 59.7866666], [23.4816666, 59.7848333], [23.4901667, 59.7771667], [23.4999973, 59.7715015], [23.5000012, 59.7714978], [23.5025001, 59.767], [23.5166666, 59.759], [23.526, 59.7576666], [23.5346666, 59.7583334], [23.5521667, 59.7543334], [23.5608333, 59.7551667], [23.57, 59.7535001], [23.5833334, 59.7541667], [23.5943334, 59.7548333], [23.6085001, 59.7556666], [23.6418333, 59.7568333], [23.6445001, 59.7571667], [23.6583334, 59.7586666], [23.6693334, 59.759], [23.7401667, 59.7588333], [23.773, 59.763], [23.8054999, 59.7671667], [23.8121667, 59.769], [23.8186666, 59.7695001], [23.824, 59.7711667], [23.8393334, 59.7713334], [23.8505001, 59.7708333], [23.8558333, 59.7723334], [23.9236666, 59.7745001], [23.971, 59.7761667], [24.0495189, 59.7724888], [24.0558333, 59.7706666], [24.0990508, 59.7701735], [24.1029812, 59.7700729], [24.14235, 59.7678229], [24.1686666, 59.7663334], [24.1881667, 59.7653334], [24.2016666, 59.7644999], [24.2348333, 59.7621667], [24.2378333, 59.7623334], [24.2631667, 59.764], [24.2896666, 59.7598333], [24.3393925, 59.7725989], [24.406, 59.79], [24.4296666, 59.8088333], [24.4341667, 59.8126666], [24.4365001, 59.8145001], [24.4585001, 59.8333334], [24.473, 59.8486666], [24.4743334, 59.8494999], [24.4758333, 59.8508333], [24.5006666, 59.8691667], [24.521, 59.8924999], [24.5195248, 59.9169853], [24.5228333, 59.929], [24.5373334, 59.9348333], [24.5381667, 59.9361667], [24.5415234, 59.9406535], [24.5458333, 59.9463334], [24.5578333, 59.9504999], [24.5643334, 59.9516666], [24.578, 59.9563334], [24.5788333, 59.9593334], [24.5864389, 59.9875355], [24.5883334, 59.9895001], [24.5895001, 59.9948333], [24.6163334, 59.9993334], [24.6386876, 60.0073253], [24.6419604, 60.0136963], [24.6576863, 60.0274933], [24.6576856, 60.0339935], [24.6640179, 60.047161], [24.6603334, 60.0553334], [24.6641667, 60.059], [24.7003508, 60.0686628], [24.7083506, 60.0741631], [24.7196666, 60.0765001], [24.7508333, 60.0823334], [24.7603522, 60.0824983], [24.7783524, 60.0883323], [24.7993534, 60.0896664], [24.8030199, 60.0921665], [24.8005182, 60.1050002], [24.8045184, 60.106667], [24.8063518, 60.106667], [24.827186, 60.1080011], [24.8413531, 60.1110016], [24.8425196, 60.111335], [24.8433531, 60.1120016], [24.8531864, 60.1171688], [24.8531862, 60.1178354], [24.8530195, 60.1186687], [24.8520184, 60.1271692], [24.8516847, 60.1305026], [24.851518, 60.1313359], [24.8580179, 60.1346696], [24.8586843, 60.1366696], [24.8578498, 60.1480034], [24.855516, 60.1510034], [24.8570505, 60.1519194]]}}, {"type": "Feature", "properties": {"osm_id": 804554476, "name": "Eastern Light Sweden-Finland I", "kind": "telecom", "operator": "Eastern Light"}, "geometry": {"type": "LineString", "coordinates": [[22.9127372, 59.8132401], [22.9175597, 59.8134593], [22.9212692, 59.812223], [22.9224601, 59.8103221], [22.9203416, 59.8072166], [22.9190033, 59.8039966], [22.918355, 59.802355], [22.9124182, 59.8002016], [22.9114932, 59.7997567], [22.9053582, 59.8001767], [22.9002349, 59.8004833], [22.8893383, 59.8008016], [22.8877016, 59.8008383], [22.8849867, 59.800885], [22.8804182, 59.80066], [22.8743349, 59.7999133], [22.8701217, 59.8001583], [22.8650533, 59.8003934], [22.8523933, 59.7998016], [22.8503466, 59.7996867], [22.8347716, 59.7986566], [22.8346332, 59.79866], [22.8183516, 59.795325], [22.8153566, 59.7946584], [22.8061799, 59.7930734], [22.8017265, 59.7921867], [22.7889883, 59.7896317], [22.7855, 59.78872], [22.7722683, 59.7853234], [22.7695149, 59.78553], [22.7592533, 59.786415], [22.7521716, 59.7872349], [22.7380549, 59.788805], [22.7349566, 59.7891633], [22.7178683, 59.791285], [22.7063899, 59.7927384], [22.700695, 59.793325], [22.6835315, 59.7952634], [22.6825299, 59.7953767], [22.6738432, 59.7965984], [22.6664382, 59.797485], [22.6508382, 59.7994584], [22.6493399, 59.7996499], [22.6339032, 59.8016533], [22.6322266, 59.8017783], [22.6253199, 59.8023799], [22.6174466, 59.803485], [22.6152282, 59.8039149], [22.6077116, 59.8054066], [22.5982749, 59.8066933], [22.5900565, 59.8078066], [22.5891066, 59.8079416], [22.5884633, 59.8081683], [22.5867098, 59.808335], [22.5809299, 59.808415], [22.5808266, 59.8084034], [22.5731632, 59.8097083], [22.5692882, 59.8100566], [22.5655616, 59.8111934], [22.564555, 59.8113767], [22.5471349, 59.8142734], [22.5425682, 59.8149384], [22.5301983, 59.8154317], [22.5124699, 59.8161817], [22.5088916, 59.8163217], [22.4947848, 59.8170684], [22.4792332, 59.8178917], [22.4771515, 59.8179717], [22.4673365, 59.8185601], [22.4599566, 59.8199234], [22.4478982, 59.8222566], [22.4438432, 59.8235183], [22.4405048, 59.8245366], [22.4304982, 59.8276116], [22.4284416, 59.8279601], [22.4220516, 59.8289633], [22.4206599, 59.829065], [22.4187882, 59.8291416], [22.4169032, 59.8297516], [22.4155365, 59.8303316], [22.4146382, 59.8303699], [22.4132715, 59.8298666], [22.4126765, 59.8298983], [22.4119315, 59.8301334], [22.4115249, 59.8302417], [22.4041232, 59.8323366], [22.3997949, 59.8341567], [22.39763, 59.83535], [22.3942781, 59.8371733], [22.3904199, 59.8384684], [22.3886982, 59.8391916], [22.3828115, 59.8401067], [22.3767248, 59.8410684], [22.3722815, 59.843415], [22.3688382, 59.8452399], [22.3675983, 59.8458533], [22.3625415, 59.8485884], [22.3596949, 59.8501366], [22.3574299, 59.8518383], [22.3571599, 59.8519067], [22.3538316, 59.8539033], [22.3496282, 59.8560983], [22.3465265, 59.8572166], [22.3445282, 59.8580901], [22.3367248, 59.8615316], [22.3336849, 59.86355], [22.3315882, 59.86399], [22.3242366, 59.865675], [22.3154482, 59.8678034], [22.3096065, 59.8691183], [22.2996781, 59.87192], [22.2905914, 59.8743583], [22.2836915, 59.8755984], [22.2712699, 59.8778016], [22.2668466, 59.878125], [22.2525665, 59.87914], [22.2494149, 59.8793749], [22.2327998, 59.8804917], [22.2318931, 59.8805601], [22.2166299, 59.8816383], [22.2145065, 59.8818034], [22.2112315, 59.8820166], [22.1968632, 59.8818883], [22.1954915, 59.8818684], [22.1792648, 59.881415], [22.1732381, 59.8812283], [22.1615148, 59.8810317], [22.1596899, 59.8810217], [22.1460498, 59.8773799], [22.1440648, 59.8768417], [22.1322815, 59.8737217], [22.1305198, 59.8730349], [22.1284931, 59.8722433], [22.1264532, 59.8709583], [22.1203715, 59.870215], [22.1150281, 59.8697516], [22.1019382, 59.8685583], [22.0973964, 59.8682901], [22.0845964, 59.8675117], [22.0658481, 59.8681767], [22.0622999, 59.8684499], [22.0566632, 59.8688533], [22.0446748, 59.8681633], [22.0431031, 59.8680684], [22.0351448, 59.8685633], [22.0294431, 59.8687984], [22.0271914, 59.8687749], [22.0259831, 59.8687683], [22.0227147, 59.8689334], [22.0210299, 59.8691849], [22.0170281, 59.8700317], [22.0097897, 59.8702449], [22.0089015, 59.8702517], [21.9922931, 59.8709316], [21.9846914, 59.8712301], [21.9746248, 59.8714616], [21.960558, 59.8717749], [21.9568714, 59.8717117], [21.9392365, 59.8710417], [21.9383931, 59.87101], [21.9282365, 59.870055], [21.9219382, 59.8688983], [21.9137131, 59.8674449], [21.9092264, 59.8668084], [21.9051731, 59.8667749], [21.8875281, 59.86654], [21.8848497, 59.8665384], [21.8700814, 59.8652116], [21.8700547, 59.8652333], [21.8620346, 59.86373], [21.8530396, 59.8630399], [21.8466964, 59.8625883], [21.8359564, 59.8613767], [21.8236581, 59.8599749], [21.819628, 59.8595234], [21.818698, 59.8594766], [21.8111831, 59.8595234], [21.8011714, 59.858805], [21.7911513, 59.8581133], [21.7660964, 59.8569833], [21.7571796, 59.8566], [21.7486314, 59.8561516], [21.7357896, 59.8554533], [21.7310613, 59.8552832], [21.7199764, 59.854815], [21.7134997, 59.8545217], [21.6959479, 59.8537083], [21.688393, 59.8533633], [21.6783663, 59.8530383], [21.6736514, 59.8528716], [21.6619647, 59.8505083], [21.6615864, 59.850415], [21.6448363, 59.8476684], [21.6434562, 59.8473883], [21.6180596, 59.8428467], [21.6117629, 59.8412333], [21.6027647, 59.8388533], [21.5959695, 59.83721], [21.5836812, 59.8341767], [21.5813529, 59.8325099], [21.5798479, 59.8314666], [21.574008, 59.8308], [21.5734513, 59.8303416], [21.572938, 59.8297366], [21.5672112, 59.8286383], [21.5664495, 59.8283149], [21.5580062, 59.825055], [21.5531996, 59.8225199], [21.5506529, 59.8211683], [21.5378712, 59.8183183], [21.5329462, 59.817215], [21.5219129, 59.8146983], [21.5173113, 59.8136766], [21.5054363, 59.8113984], [21.5004379, 59.8103482], [21.4894379, 59.8075833], [21.4825045, 59.8060066], [21.4731646, 59.8039799], [21.4644778, 59.8019984], [21.4564561, 59.8011799], [21.4444045, 59.7999799], [21.4389744, 59.7994267], [21.4255429, 59.7982634], [21.4215162, 59.7978616], [21.4189411, 59.7976433], [21.4084394, 59.7973284], [21.4038478, 59.7970933], [21.3982312, 59.7967099], [21.3941195, 59.796475], [21.3891678, 59.7967633], [21.3862528, 59.7968132], [21.3844827, 59.79686], [21.3746512, 59.7966116], [21.3723561, 59.7956267], [21.3695911, 59.7949284], [21.3680745, 59.7945233], [21.3632494, 59.7925366], [21.3614745, 59.7908566], [21.3607345, 59.7906383], [21.3579762, 59.790685], [21.3558528, 59.7905049], [21.3545961, 59.7902383], [21.3538695, 59.7896233], [21.3535429, 59.788855], [21.3532628, 59.7879233], [21.3546211, 59.7872166], [21.3564478, 59.7870449], [21.3596394, 59.7864666], [21.3612661, 59.786065], [21.3642582, 59.7852143], [21.3650804, 59.7853027], [21.3659121, 59.7852737]]}}, {"type": "Feature", "properties": {"osm_id": 804556453, "name": "Eastern Light Sweden-Finland I", "kind": "telecom", "operator": "Eastern Light"}, "geometry": {"type": "LineString", "coordinates": [[26.9364666, 60.421745], [26.9361099, 60.421805], [26.928125, 60.4218634], [26.92792, 60.4200116], [26.9245551, 60.4160983], [26.91239, 60.4142967], [26.8993083, 60.4134833], [26.8857434, 60.41006], [26.8656383, 60.4057033], [26.8545601, 60.4033083], [26.847265, 60.4023884], [26.831785, 60.4006267], [26.8018517, 60.3968433], [26.7946917, 60.3956367], [26.7825366, 60.3945551], [26.7752983, 60.3933817], [26.7680034, 60.3923466], [26.7623583, 60.3903717], [26.7570116, 60.3893183], [26.7307617, 60.3813183], [26.7141817, 60.3759217], [26.7070267, 60.3740867], [26.6911667, 60.3718301], [26.6808716, 60.3699733], [26.6759916, 60.36881], [26.6588867, 60.3665099], [26.6549366, 60.365865], [26.6473884, 60.3636317], [26.6375699, 60.3605067], [26.6260084, 60.3568782], [26.6162584, 60.3535651], [26.6044283, 60.3496666], [26.5937533, 60.3461699], [26.5871783, 60.3441717], [26.5799617, 60.3423366], [26.572005, 60.33987], [26.5571583, 60.3363884], [26.5512283, 60.3350317], [26.5435884, 60.3331217], [26.5399483, 60.3297966], [26.5310132, 60.32762], [26.5197266, 60.3246066], [26.5102584, 60.3240816], [26.504265, 60.3239516], [26.50127, 60.3237667], [26.4974132, 60.3243601], [26.4931651, 60.3241817], [26.4809617, 60.3236983], [26.4754383, 60.3230217], [26.4655567, 60.3226433], [26.4567434, 60.3223717], [26.4527133, 60.3215783], [26.4437683, 60.3196983], [26.4289218, 60.317], [26.4145434, 60.3142183], [26.4096417, 60.3132449], [26.4042399, 60.3116], [26.3976951, 60.31033], [26.3940349, 60.3101833], [26.3822201, 60.307935], [26.3785833, 60.3072734], [26.3702317, 60.3055434], [26.36385, 60.3043099], [26.3621733, 60.3038417], [26.3557266, 60.3015633], [26.3509551, 60.3002467], [26.3487083, 60.2986433], [26.3463284, 60.2974483], [26.3430367, 60.2969234], [26.3367316, 60.2953217], [26.330745, 60.2935284], [26.3265817, 60.2927183], [26.3197884, 60.2921617], [26.3100084, 60.29248], [26.3009416, 60.2933416], [26.2943601, 60.2919717], [26.2854666, 60.2898533], [26.2816634, 60.28908], [26.2774584, 60.287885], [26.2686183, 60.2857117], [26.2610066, 60.28367], [26.2564483, 60.28295], [26.2366833, 60.2784734], [26.2220716, 60.2750782], [26.2109234, 60.2731583], [26.2063266, 60.2696116], [26.2024449, 60.2663017], [26.197585, 60.2642901], [26.1864399, 60.2663867], [26.1750301, 60.2641567], [26.1541934, 60.2616901], [26.13868, 60.2597167], [26.1356301, 60.2547017], [26.132515, 60.24942], [26.1292417, 60.2442684], [26.12581, 60.2387966], [26.1224983, 60.2336267], [26.1193334, 60.2286317], [26.115995, 60.22335], [26.11287, 60.2184349], [26.109415, 60.2130283], [26.1068967, 60.2076217], [26.10434, 60.2022734], [26.1025733, 60.1984317], [26.1013266, 60.1967133], [26.10015, 60.1925466], [26.0986349, 60.188945], [26.097475, 60.1870267], [26.0967017, 60.1821017], [26.0960417, 60.1801984], [26.0942684, 60.1782283], [26.089065, 60.1735117], [26.0841184, 60.1715217], [26.06192, 60.1655633], [26.05074, 60.1626584], [26.0442016, 60.161485], [26.0366483, 60.1594251], [26.0237334, 60.1558951], [26.01647, 60.1545651], [25.9981633, 60.1511633], [25.9723067, 60.1463916], [25.9484666, 60.1419884], [25.9273817, 60.1380983], [25.9040301, 60.1337749], [25.8998867, 60.1329767], [25.887915, 60.13212], [25.8646782, 60.130805], [25.85425, 60.130385], [25.8493533, 60.1299083], [25.84525, 60.1292782], [25.8310883, 60.1285867], [25.8217934, 60.1274066], [25.8009567, 60.1244517], [25.7897667, 60.1228217], [25.7727099, 60.1206367], [25.7649617, 60.1191749], [25.7534367, 60.1179884], [25.7386183, 60.1164833], [25.7290616, 60.1157099], [25.716685, 60.1152417], [25.7052333, 60.1142901], [25.6914449, 60.113605], [25.6820534, 60.1134766], [25.6613868, 60.1122132], [25.6542433, 60.1116233], [25.648085, 60.1109284], [25.6449099, 60.1107601], [25.6375916, 60.1106967], [25.6321683, 60.1102716], [25.6228349, 60.109335], [25.6004066, 60.1070833], [25.596585, 60.1067934], [25.5851667, 60.1052917], [25.5696201, 60.1039633], [25.56248, 60.1037916], [25.5485749, 60.1020833], [25.53366, 60.1005699], [25.5283133, 60.1002499], [25.52539, 60.0999551], [25.5243916, 60.0998467], [25.5183334, 60.0992367], [25.5121033, 60.098615], [25.5085966, 60.0983384], [25.5015384, 60.0974116], [25.4958734, 60.096985], [25.4891567, 60.0962967], [25.4857767, 60.0954933], [25.4781984, 60.0950301], [25.4710566, 60.0951466], [25.4556267, 60.0941617], [25.4397483, 60.0931516], [25.43013, 60.0929683], [25.4214901, 60.0928716], [25.409875, 60.0921366], [25.3955083, 60.0914584], [25.38419, 60.0909017], [25.3739033, 60.0916634], [25.36927, 60.0925366], [25.35673, 60.0943284], [25.3409483, 60.09662], [25.3255049, 60.0988267], [25.3147184, 60.1007316], [25.30073, 60.1026951], [25.2849434, 60.1049017], [25.2681366, 60.1072483], [25.2551966, 60.109185], [25.2472666, 60.1100566], [25.2431717, 60.1103334], [25.2388233, 60.1110367], [25.2235133, 60.1131017], [25.2115067, 60.1151601], [25.195185, 60.1141083], [25.1803817, 60.113205], [25.1765117, 60.1131067], [25.1684734, 60.1122116], [25.161685, 60.111665], [25.1407033, 60.1111984], [25.1389067, 60.1111516], [25.1180467, 60.112405], [25.1050399, 60.1131583], [25.0885667, 60.11479], [25.0851533, 60.115455], [25.069805, 60.1160217], [25.0561416, 60.1164301], [25.0409916, 60.1167633], [25.0294201, 60.116585], [25.0213266, 60.11642], [25.0100417, 60.1177633], [25.0055049, 60.1192883], [25.0015617, 60.1197001], [24.9961001, 60.1241217], [24.9899984, 60.12946], [24.9855817, 60.1326833], [24.9817699, 60.1339482], [24.96999, 60.1364449], [24.9644016, 60.14112], [24.9584634, 60.1461149], [24.9559567, 60.1482166], [24.9537001, 60.1509316], [24.9543416, 60.15202], [24.9562167, 60.1525083], [24.9564716, 60.1524967], [24.9568167, 60.1524867], [24.9584301, 60.1521651], [24.9587099, 60.1519667]]}}, {"type": "Feature", "properties": {"osm_id": 1514020268, "name": "Baltika (Kingisepp - Kaliningrad)", "kind": "telecom", "operator": "Rostelecom"}, "geometry": {"type": "LineString", "coordinates": [[28.0758488, 59.5166011], [28.0302667, 59.52005], [28.0009667, 59.52295], [27.9938694, 59.5241611], [27.9802861, 59.5273278], [27.9546528, 59.5297444], [27.8860722, 59.5420111], [27.8266667, 59.5574167], [27.8249222, 59.5578639], [27.7189083, 59.5856972], [27.6577278, 59.60165], [27.6341278, 59.6074333], [27.5677139, 59.6216667], [27.5169806, 59.6301], [27.455, 59.6433333], [27.42785, 59.6491194], [27.3695194, 59.6586361], [27.2292889, 59.6773889], [27.1991556, 59.6806389], [27.1848722, 59.6827556], [27.1477917, 59.6887583], [27.128275, 59.6915417], [27.063925, 59.6983083], [26.9356111, 59.7160611], [26.8935972, 59.7345778], [26.8766667, 59.7444444], [26.8582806, 59.7550278], [26.7198389, 59.8239639], [26.6372222, 59.8666667], [26.6255778, 59.8726139], [26.5946944, 59.8898806], [26.5044333, 59.9311333], [26.4748151, 59.9473283]]}}, {"type": "Feature", "properties": {"osm_id": 804556423, "name": "Helsingin puhdistetun j\u00e4teveden purkuputki", "kind": "pipeline", "operator": null}, "geometry": {"type": "LineString", "coordinates": [[24.9180036, 60.1006825], [24.9182823, 60.0987736], [24.9213788, 60.0967506], [24.922334, 60.0944092], [24.9208688, 60.0916695], [24.9200383, 60.0901482], [24.9197157, 60.0898602], [24.9194389, 60.0896759], [24.9188854, 60.0895837], [24.9178705, 60.0896759]]}}, {"type": "Feature", "properties": {"osm_id": 1019045277, "name": "Baltic Connector", "kind": "pipeline", "operator": null}, "geometry": {"type": "LineString", "coordinates": [[24.0767667, 59.3852667], [24.0733953, 59.3849189], [24.0728684, 59.3848646], [24.0717948, 59.3824862]]}}, {"type": "Feature", "properties": {"osm_id": 1514020267, "name": "Nord Stream 2", "kind": "pipeline", "operator": "Nord Stream AG"}, "geometry": {"type": "LineString", "coordinates": [[28.0885219, 59.5437194], [28.0654667, 59.5430167], [27.9553797, 59.5392588], [27.9412794, 59.5400184], [27.9112167, 59.5453], [27.7488667, 59.59295], [27.6162514, 59.6222487], [27.49295, 59.6494667], [27.4752333, 59.65235], [27.33695, 59.6750333], [27.2604833, 59.7009667], [27.2474167, 59.7048667], [27.1513333, 59.7267667], [27.12945, 59.7333833], [27.0974167, 59.7508167], [26.9707667, 59.8523333], [26.9641333, 59.8568167], [26.9560167, 59.8606833], [26.9479833, 59.86395], [26.9402333, 59.8664167], [26.80405, 59.8988667], [26.7306, 59.9122333], [26.7128833, 59.9176833], [26.6642, 59.9371167], [26.6577667, 59.9388833], [26.6372333, 59.94285], [26.59295, 59.9454167], [26.57805, 59.9474167], [26.556, 59.9533833], [26.5348088, 59.9634675]]}}, {"type": "Feature", "properties": {"osm_id": 302499847, "name": "\u041e\u0442\u0432\u043e\u0434 \u043a \u0413\u0420\u0421 \u041f\u0440\u0438\u043e\u0437\u0451\u0440\u0441\u043a", "kind": "pipeline", "operator": "\u041e\u041e\u041e \u00ab\u0413\u0430\u0437\u043f\u0440\u043e\u043c \u0442\u0440\u0430\u043d\u0441\u0433\u0430\u0437 \u0421\u0430\u043d\u043a\u0442-\u041f\u0435\u0442\u0435\u0440\u0431\u0443\u0440\u0433\u00bb"}, "geometry": {"type": "LineString", "coordinates": [[29.9353269, 60.6497669], [29.9387345, 60.6702427]]}}, {"type": "Feature", "properties": {"osm_id": 1072763223, "name": "\u0421\u0430\u043c\u0441\u043e\u043d\u0438\u0435\u0432\u0441\u043a\u0438\u0439 \u0432\u043e\u0434\u043e\u0432\u043e\u0434", "kind": "pipeline", "operator": null}, "geometry": {"type": "LineString", "coordinates": [[29.8980513, 59.8648176], [29.8991387, 59.8668082], [29.9001839, 59.8687255], [29.9005719, 59.8694335], [29.900725, 59.8697112], [29.9010766, 59.8703565], [29.9020201, 59.8720806], [29.9032484, 59.8742778], [29.9046497, 59.8768318], [29.9060236, 59.8793552]]}}, {"type": "Feature", "properties": {"osm_id": 1074010187, "name": "\u0421\u0430\u043c\u0441\u043e\u043d\u0438\u0435\u0432\u0441\u043a\u0438\u0439 \u0432\u043e\u0434\u043e\u0432\u043e\u0434", "kind": "pipeline", "operator": null}, "geometry": {"type": "LineString", "coordinates": [[29.9060236, 59.8793552], [29.9062929, 59.8798406]]}}, {"type": "Feature", "properties": {"osm_id": 1074010188, "name": "\u0421\u0430\u043c\u0441\u043e\u043d\u0438\u0435\u0432\u0441\u043a\u0438\u0439 \u0432\u043e\u0434\u043e\u0432\u043e\u0434", "kind": "pipeline", "operator": null}, "geometry": {"type": "LineString", "coordinates": [[29.9074192, 59.882147], [29.9078114, 59.8828589]]}}, {"type": "Feature", "properties": {"osm_id": 1293471394, "name": "\u043b\u0443\u043f\u0438\u043d\u0433", "kind": "pipeline", "operator": "\u041e\u041e\u041e \u00ab\u0413\u0430\u0437\u043f\u0440\u043e\u043c \u0442\u0440\u0430\u043d\u0441\u0433\u0430\u0437 \u0421\u0430\u043d\u043a\u0442-\u041f\u0435\u0442\u0435\u0440\u0431\u0443\u0440\u0433\u00bb"}, "geometry": {"type": "LineString", "coordinates": [[29.9359547, 60.6497467], [29.9392719, 60.6702304]]}}, {"type": "Feature", "properties": {"osm_id": 136796521, "name": "Fenno-Skan", "kind": "power", "operator": "Fingrid;Svenska Kraftn\u00e4t"}, "geometry": {"type": "LineString", "coordinates": [[18.1622389, 60.4121047], [18.1738667, 60.4165167], [18.2174667, 60.4222833], [18.2426263, 60.4850716], [18.2756491, 60.5199888], [18.3075333, 60.5536667], [18.4907833, 60.6045167], [18.5896718, 60.6255905], [18.6879609, 60.646523], [18.7890202, 60.6680312], [18.9131483, 60.6944295], [19.1615311, 60.747188], [19.2023639, 60.7537207], [19.3760451, 60.7805586], [19.5794753, 60.811965], [19.721409, 60.8333798], [19.8234672, 60.8487694], [19.9770287, 60.8719114], [20.105898, 60.8913192], [20.1982041, 60.9048951], [20.298189, 60.9195938], [20.4592454, 60.9432563], [20.6019788, 60.9893829], [20.6641946, 61.0092618], [20.7446827, 61.0342866], [20.8375116, 61.0631237], [20.9307771, 61.09207], [21.0079962, 61.1160161], [21.0534548, 61.1298234], [21.0651222, 61.133344], [21.0692223, 61.1345396], [21.0728821, 61.13442], [21.1527924, 61.1237112], [21.1867488, 61.1192193], [21.2027364, 61.1129588], [21.2313131, 61.1011256], [21.233831, 61.0917757], [21.2358535, 61.088726], [21.2368304, 61.0871661], [21.2425952, 61.0850042], [21.2532066, 61.0848029], [21.2553014, 61.0847647], [21.2573583, 61.0847913], [21.2609631, 61.0848245], [21.270257, 61.0848312], [21.2714678, 61.0846616], [21.272142, 61.0844819], [21.2722658, 61.0843056], [21.2720594, 61.0840462], [21.2705528, 61.0832212], [21.2705597, 61.0831514], [21.2707386, 61.0831847], [21.2718737, 61.0837834], [21.2723415, 61.0840063], [21.2727886, 61.0840595], [21.2730844, 61.0840312], [21.2741163, 61.0835672], [21.2750657, 61.0826691], [21.2764553, 61.0824562], [21.2789869, 61.0814715], [21.2805416, 61.0810523], [21.2895673, 61.0774327], [21.2988131, 61.0770468], [21.2999135, 61.0768287], [21.3039223, 61.0769415], [21.3042351, 61.0769503], [21.3048251, 61.076951]]}}, {"type": "Feature", "properties": {"osm_id": 185107614, "name": "Fenno-Skan", "kind": "power", "operator": "Fingrid;Svenska Kraftn\u00e4t"}, "geometry": {"type": "LineString", "coordinates": [[21.3048251, 61.076951], [21.3044662, 61.0769169], [21.2999158, 61.0767933], [21.2990752, 61.0765645], [21.2969936, 61.0766941], [21.2949607, 61.0766475], [21.2932306, 61.0765361], [21.2916002, 61.0765111], [21.2871905, 61.0762982], [21.2855051, 61.0762466], [21.2838575, 61.0761634], [21.2824266, 61.0761402], [21.2801254, 61.0770218], [21.2793378, 61.0773629], [21.279011, 61.0776008], [21.2782611, 61.0779152], [21.2772877, 61.0784109], [21.2744431, 61.0796451], [21.2732977, 61.0801674], [21.2730053, 61.0802506], [21.271, 61.0811555], [21.2689431, 61.0828271], [21.2681657, 61.0831248], [21.2670685, 61.0833227], [21.266525, 61.083356], [21.2634384, 61.083816], [21.2609136, 61.0843376], [21.2588167, 61.0845917], [21.2582423, 61.0846815], [21.2577882, 61.0846932], [21.2571829, 61.0846466], [21.2564984, 61.0847198], [21.2559687, 61.0847397], [21.255494, 61.0846632], [21.2548508, 61.0844969], [21.2505141, 61.0838429], [21.2471493, 61.0834208], [21.2448862, 61.0828909], [21.2409155, 61.0821326], [21.2369448, 61.0816163], [21.2354322, 61.0811161], [21.2315838, 61.0804922], [21.2276688, 61.0796693], [21.221507, 61.0787495], [21.2193381, 61.0784321], [21.2123007, 61.0772867], [21.1989665, 61.0771001], [21.176017, 61.0733469], [21.1689726, 61.0720691], [21.158571, 61.0711374], [21.1241469, 61.0619649], [21.1125896, 61.0604737], [21.1032887, 61.059435], [21.0929147, 61.0557198], [21.071231, 61.0512448], [21.0455298, 61.0477817], [21.0372196, 61.0477284], [21.0246717, 61.045304], [21.0121788, 61.0412006], [21.0068405, 61.0396284], [20.9738747, 61.0347781], [20.969582, 61.0320861], [20.9559884, 61.028221], [20.941019, 61.028381], [20.910915, 61.0224091], [20.8992477, 61.0199827], [20.8449835, 61.0056607], [20.8200528, 61.002566], [20.7293557, 60.9851664], [20.7222562, 60.9816694], [20.6613327, 60.968158], [20.6333752, 60.965487], [20.5793311, 60.9533582], [20.5078962, 60.941011], [20.496559, 60.936306], [20.4560535, 60.9280706], [20.3025067, 60.9076334], [20.1153888, 60.88322], [20.0493472, 60.8720778], [19.9778022, 60.8636114], [19.8292086, 60.8417385], [19.7587642, 60.8266118], [19.7374108, 60.8269337], [19.7307843, 60.8261189], [19.7201958, 60.8233537], [19.6888306, 60.8194603], [19.6671865, 60.816662], [19.6454756, 60.8125508], [19.5998515, 60.8071589], [19.586082, 60.8031007], [19.5494004, 60.7994437], [19.370886, 60.7735391], [19.3622106, 60.7704435], [19.3314751, 60.7662481], [19.2421167, 60.7529], [19.0763338, 60.7268756], [18.9192672, 60.6897576], [18.8010041, 60.6617814], [18.715477, 60.641534], [18.7003167, 60.6420333], [18.6904333, 60.6407333], [18.67695, 60.63335], [18.6334833, 60.6272667], [18.6104094, 60.6204288], [18.5926222, 60.6141429], [18.5803, 60.6117333], [18.556747, 60.6101992], [18.5272667, 60.6006167], [18.5082727, 60.599875], [18.4870734, 60.5955657], [18.4654833, 60.5872], [18.4211, 60.5772], [18.4111833, 60.5759333], [18.3806187, 60.5643997], [18.37555, 60.5635333], [18.3498667, 60.55115], [18.3471833, 60.5479], [18.3354833, 60.5435167], [18.2979815, 60.511945], [18.2398167, 60.4629167], [18.23375, 60.44995], [18.2277, 60.44255], [18.22464, 60.430835], [18.2231526, 60.4245626], [18.2216667, 60.4216667], [18.2181167, 60.4196333], [18.2041273, 60.41438], [18.1973357, 60.4122185], [18.1823634, 60.4114058], [18.1716368, 60.4136532], [18.1678968, 60.4134217], [18.1647691, 60.412501], [18.1623391, 60.4120274]]}}, {"type": "Feature", "properties": {"osm_id": 265086462, "name": "HVDC Estlink 2", "kind": "power", "operator": null}, "geometry": {"type": "LineString", "coordinates": [[25.5280455, 60.292964], [25.52872, 60.2927064], [25.5292028, 60.2925815], [25.5297338, 60.2922997], [25.5303186, 60.291752], [25.5306994, 60.2912708], [25.5306029, 60.2908614], [25.5297177, 60.2898724], [25.5292618, 60.2891545], [25.5294495, 60.287873], [25.5310233, 60.2838566], [25.5314071, 60.2815606], [25.5314312, 60.279877], [25.5308867, 60.279361], [25.5264729, 60.2744023], [25.5220222, 60.2700482], [25.5161585, 60.2662192], [25.5127445, 60.2631989], [25.5102231, 60.2592], [25.5068507, 60.252393], [25.5048967, 60.2497182], [25.503815, 60.2483291], [25.5017833, 60.2471151], [25.5005148, 60.246403], [25.4935296, 60.2442883], [25.4922496, 60.243884], [25.4919868, 60.2437749], [25.4897905, 60.2425842], [25.4886868, 60.2416063], [25.487966, 60.2398578], [25.4867083, 60.2387166], [25.4863633, 60.2384537], [25.4808874, 60.2360046], [25.4736469, 60.2331774], [25.4721441, 60.2324396], [25.4719456, 60.2321835], [25.4716254, 60.2320016], [25.4701833, 60.2314483], [25.4616664, 60.2271914], [25.4551182, 60.2251377], [25.452477, 60.2241669], [25.4522265, 60.2240267], [25.4509278, 60.222928], [25.4506652, 60.2227828], [25.4457697, 60.2219715], [25.4429688, 60.2217096], [25.4392403, 60.2207058], [25.4373662, 60.2202627], [25.4366612, 60.2200485], [25.4364688, 60.2198462], [25.4363309, 60.2195952], [25.4364072, 60.2189699], [25.4355592, 60.2170961], [25.4348979, 60.2139896], [25.4347808, 60.2096367], [25.4346106, 60.2089332], [25.4339814, 60.2071114], [25.4317035, 60.2043944], [25.4281302, 60.2017081], [25.4273719, 60.2010657], [25.4267094, 60.2004281], [25.4256466, 60.1984976], [25.42453, 60.1951869], [25.4232367, 60.1934541], [25.4199361, 60.190872], [25.4127409, 60.186964], [25.4114571, 60.1863638], [25.4106231, 60.1860378], [25.4102906, 60.1858494], [25.409959, 60.1857884], [25.4097085, 60.1855944], [25.4050321, 60.1837359], [25.4045262, 60.1835196], [25.404282, 60.1833758], [25.4030652, 60.1823687], [25.4005481, 60.1800686], [25.3997073, 60.1793781], [25.3982766, 60.1778385], [25.3975778, 60.1774166], [25.3973561, 60.1772424], [25.3968806, 60.1762945], [25.3959443, 60.1752154], [25.3952432, 60.1745488], [25.393809, 60.1734945], [25.3923735, 60.1728181], [25.3905354, 60.1725021], [25.3878551, 60.1717327], [25.3874299, 60.1715672], [25.3860899, 60.1708772], [25.3856795, 60.1704227], [25.3849898, 60.1701792], [25.3842732, 60.1700365], [25.3834358, 60.1695925], [25.3829355, 60.1694032], [25.3822256, 60.1687801], [25.3817073, 60.1684021], [25.3809767, 60.1679463], [25.3807085, 60.1677235], [25.3801268, 60.1668367], [25.3798215, 60.1662093], [25.3799808, 60.1644879], [25.3801033, 60.1640267], [25.3808432, 60.1635884], [25.3817393, 60.1631995], [25.3844349, 60.1618646], [25.3875927, 60.1603676], [25.3883493, 60.159889], [25.3885619, 60.1596829], [25.3890367, 60.1575968], [25.3891558, 60.1572802], [25.3893518, 60.1571651], [25.3898596, 60.1570505], [25.390007, 60.1569858], [25.390209, 60.1562802], [25.390403, 60.1561755], [25.3909339, 60.1560236], [25.3910879, 60.1559491], [25.3916591, 60.155185], [25.3931185, 60.1539568], [25.3939103, 60.1533785], [25.394773, 60.1528376], [25.3952188, 60.1525112], [25.3955235, 60.1523864], [25.396824, 60.1520193], [25.3986086, 60.1515515], [25.3992945, 60.1514159], [25.400422, 60.1512986], [25.4032843, 60.1508695], [25.4074303, 60.1502999], [25.4102174, 60.1499764], [25.418347, 60.1488095], [25.4210969, 60.1484863], [25.4246782, 60.147978], [25.4263282, 60.1479583], [25.4265629, 60.1478779], [25.4268881, 60.1476641], [25.4273909, 60.1475678], [25.4281696, 60.1476229], [25.4285021, 60.1477601], [25.4288349, 60.1479944], [25.4291083, 60.1481241], [25.4300657, 60.1483722], [25.431034, 60.1487452], [25.432123, 60.1488924], [25.4331513, 60.1487286], [25.4367325, 60.1480711], [25.4385656, 60.1475735], [25.4405927, 60.1470901], [25.4420612, 60.1470165], [25.4438059, 60.146986], [25.4458582, 60.1468546], [25.447087, 60.1469439], [25.4475936, 60.1470883], [25.4488691, 60.1470818], [25.4512095, 60.1472224], [25.4522861, 60.14712], [25.4536867, 60.1470725], [25.4570825, 60.1468748], [25.4596115, 60.1464883], [25.4608996, 60.1460172], [25.464294, 60.145571], [25.4685624, 60.1453033], [25.4701993, 60.1452743], [25.4723089, 60.1451506], [25.473841, 60.1447948], [25.4758557, 60.1443816], [25.4767114, 60.1442426], [25.4794732, 60.143653], [25.4805545, 60.1433135], [25.4851352, 60.1416775], [25.4875352, 60.1410614], [25.4895497, 60.1405839], [25.4898399, 60.1404786], [25.4907529, 60.1400326], [25.4915916, 60.1396791], [25.4942655, 60.1384505], [25.4945694, 60.13834], [25.4956842, 60.1374816], [25.4996575, 60.1346281], [25.5007866, 60.1336892], [25.5014394, 60.1329307], [25.5047415, 60.12975], [25.5056362, 60.1291092], [25.5082922, 60.1274107], [25.5087483, 60.1270772], [25.5114229, 60.1242727], [25.5120856, 60.1236661], [25.5138075, 60.1217696], [25.5143966, 60.1213294], [25.5155042, 60.1206568], [25.515786, 60.1204385], [25.5166238, 60.1194068], [25.5174544, 60.1181928], [25.5203923, 60.1151651], [25.5202965, 60.1135878], [25.5205907, 60.112494], [25.5209828, 60.1113894], [25.5211004, 60.1104757], [25.5221271, 60.1053663], [25.5229364, 60.1038578], [25.5237703, 60.1026437], [25.5255221, 60.0997669], [25.5264671, 60.0991124], [25.5272983, 60.0986301], [25.530966, 60.0973996], [25.5316501, 60.096938], [25.5326091, 60.0962107], [25.5327151, 60.0960217], [25.5328446, 60.0953065], [25.5330342, 60.0948132], [25.5331739, 60.0941542], [25.5348979, 60.0922578], [25.5352741, 60.0917533], [25.5356786, 60.0913328], [25.5360729, 60.0910115], [25.5363386, 60.0906972], [25.5369714, 60.0897907], [25.5374, 60.088993], [25.5380104, 60.0882845], [25.5384927, 60.0874766], [25.5394874, 60.0862741], [25.5397864, 60.0860397], [25.5403749, 60.0856888], [25.5448321, 60.0833839], [25.5451765, 60.0831776], [25.5578236, 60.0688231], [25.5628063, 60.0650138], [25.5634315, 60.0647174], [25.5658081, 60.0637465], [25.5670671, 60.0634841], [25.5739873, 60.0622542], [25.5792695, 60.0603017], [25.6090689, 60.0539572], [25.6130548, 60.0526777], [25.6146763, 60.0518652], [25.6149261, 60.051691], [25.6150702, 60.0512401], [25.61521, 60.0501559], [25.6149961, 60.0497688], [25.6130551, 60.0472566], [25.6129939, 60.047135], [25.6130156, 60.047019], [25.6132107, 60.0466833], [25.6142177, 60.0454252], [25.6156627, 60.0444639], [25.6160084, 60.0442949], [25.6186777, 60.0434016], [25.6200016, 60.0430415], [25.6298788, 60.0398376], [25.6315388, 60.0392707], [25.6334845, 60.0386772], [25.6363144, 60.0377259], [25.6387237, 60.0369787], [25.6417271, 60.036338], [25.6461121, 60.0355174], [25.6478759, 60.0350952], [25.6499406, 60.0347341], [25.6529531, 60.0340383], [25.6598192, 60.0319828], [25.6657511, 60.0304523], [25.6677189, 60.0299144], [25.6698066, 60.0294157], [25.6707846, 60.0290983], [25.6720793, 60.0287681], [25.6729622, 60.0284926], [25.6738328, 60.0283028], [25.6757717, 60.0277968], [25.676644, 60.0274978], [25.6768569, 60.0273894], [25.6785538, 60.0258485], [25.6795853, 60.0251701], [25.6802351, 60.0246012], [25.6807216, 60.0242935], [25.6810859, 60.0242492], [25.6814747, 60.0242695], [25.6817137, 60.0243477], [25.6818462, 60.0244745], [25.6820901, 60.0246175], [25.682609, 60.0247153], [25.6828034, 60.0247275], [25.6833527, 60.0246847], [25.6855859, 60.0241334], [25.6866444, 60.0239633], [25.6874611, 60.0239076], [25.6887688, 60.023661], [25.6898483, 60.0235337], [25.6914383, 60.0231814], [25.6955346, 60.0224376], [25.7004774, 60.0216311], [25.7007782, 60.0215525], [25.7018521, 60.0210901], [25.7023379, 60.0209558], [25.7105235, 60.0191692], [25.711456, 60.0189384], [25.7203567, 60.0170075], [25.7205201, 60.0169529], [25.7207998, 60.0167892], [25.7216025, 60.0162603], [25.72208, 60.0160324], [25.7246369, 60.0158012], [25.7506872, 60.0103925], [25.7543017, 60.0097484], [25.7556505, 60.0095323], [25.757609, 60.0092727], [25.759891, 60.0088446], [25.7619884, 60.0080942], [25.7624988, 60.0079447], [25.7631085, 60.0078145], [25.764463, 60.0073925], [25.7663441, 60.0067506], [25.7683603, 60.0060027], [25.77006, 60.0054512], [25.7741733, 60.0035669], [25.7746367, 60.0033076], [25.7770562, 60.0008922], [25.7772211, 60.0007753], [25.7774229, 60.0007187], [25.7837291, 60.0001844], [25.7847338, 60.0000516], [25.7857902, 59.9999516], [25.7871774, 59.9998657], [25.7912261, 59.9995266], [25.7925868, 59.9995004], [25.7947855, 59.9995703], [25.7974319, 59.9994924], [25.7993538, 59.9996011], [25.8054107, 59.9996458], [25.806332, 59.9995817], [25.8115611, 59.9987638], [25.8118084, 59.9986478], [25.8123868, 59.9982487], [25.8129783, 59.9977565], [25.813489, 59.9972424], [25.8137228, 59.9970845], [25.8162774, 59.9963774], [25.8171015, 59.9962027], [25.8178591, 59.9961332], [25.8195246, 59.9959185], [25.8208992, 59.9958005], [25.8222252, 59.9955789], [25.824036, 59.9953599], [25.8305547, 59.9948603], [25.8314888, 59.994738], [25.8333971, 59.9946492], [25.8436326, 59.9938478], [25.8568188, 59.9919069], [25.8581554, 59.9917363], [25.8617178, 59.991188], [25.877448, 59.9888829], [25.8789268, 59.9885388], [25.8815654, 59.9880021], [25.8822584, 59.9879155], [25.8828018, 59.9877429], [25.8837556, 59.9875602], [25.8845746, 59.9873572], [25.8861062, 59.9866034], [25.8877114, 59.9856972], [25.8888886, 59.9851866], [25.8895361, 59.9850138], [25.8925984, 59.9844541], [25.8949903, 59.9841416], [25.8968338, 59.983954], [25.9054867, 59.9829402], [25.9408401, 59.9787389], [25.9529377, 59.9765042], [25.9536858, 59.9763123], [25.9549624, 59.9761355], [25.9582473, 59.9755969], [25.9703384, 59.9734833], [25.9722981, 59.9733923], [25.976662, 59.9732859], [25.9814974, 59.9730886], [25.985622, 59.9721065], [25.9878175, 59.9715397], [25.9888528, 59.9708981], [25.9924915, 59.9683398], [25.9926496, 59.9681694], [25.9932168, 59.9672333], [25.9935429, 59.9669556], [25.9938174, 59.9668018], [25.9940632, 59.9667126], [25.9951526, 59.966509], [25.9963345, 59.9663629], [25.9986756, 59.9661432], [26.0046265, 59.9654983], [26.0077561, 59.9649303], [26.009764, 59.9646012], [26.0110177, 59.9644965], [26.0148034, 59.9640986], [26.0186756, 59.9637352], [26.0262238, 59.9629722], [26.0266342, 59.9629606], [26.0311778, 59.9630636], [26.0346825, 59.9629923], [26.0460842, 59.9605873], [26.0616548, 59.958585], [26.0801135, 59.9556829], [26.082009, 59.9552371], [26.096913, 59.9514569], [26.0976711, 59.9514068], [26.0983071, 59.9517474], [26.0990306, 59.9517984], [26.1006564, 59.951501], [26.1013765, 59.9513692], [26.1015923, 59.9511294], [26.1015517, 59.9509268], [26.1007203, 59.9501106], [26.1000815, 59.9494834], [26.0995038, 59.9489166], [26.0992424, 59.9485174], [26.0996566, 59.9486836], [26.1008997, 59.9500004], [26.1016612, 59.9507237], [26.1021488, 59.9509884], [26.1027346, 59.9510249], [26.1032102, 59.9509089], [26.1039316, 59.9507327], [26.1047375, 59.9505361], [26.1052067, 59.9504215], [26.234261, 59.9270009], [26.2419492, 59.9266686], [26.276622, 59.9207242], [26.2869639, 59.9197674], [26.3032373, 59.9176509], [26.3048306, 59.9164385], [26.309247, 59.9143359], [26.3441859, 59.9085275], [26.3983988, 59.9002499], [26.4136621, 59.886164], [26.4481213, 59.8562546], [26.4766337, 59.8282358], [26.4892336, 59.8175168], [26.5086158, 59.799555], [26.5139207, 59.7936037], [26.6167456, 59.6966998], [26.727352, 59.6198135], [26.7676759, 59.5916753], [26.9150848, 59.4862686], [26.9477477, 59.4568657], [26.9489859, 59.4464321], [26.9495396, 59.440938], [26.9451001, 59.4372531]]}}, {"type": "Feature", "properties": {"osm_id": 1463695199, "name": "Tammisalo Vasikkaluoto Cable", "kind": "power", "operator": null}, "geometry": {"type": "LineString", "coordinates": [[25.0720963, 60.1915317], [25.0727376, 60.1915004], [25.0763856, 60.1913389]]}}, {"type": "Feature", "properties": {"osm_id": 804551876, "name": "Marika", "kind": "telecom", "operator": "Arelion"}, "geometry": {"type": "LineString", "coordinates": [[20.0055189, 60.0264331], [20.0059975, 60.0266665], [20.0071642, 60.0266665], [20.0093309, 60.0264999], [20.011331, 60.0256665], [20.0141643, 60.0229999], [20.019331, 60.0209999], [20.0228309, 60.0178332], [20.0241643, 60.0155], [20.0256642, 60.0099999], [20.0259976, 60.0073333], [20.0274977, 60.0048332], [20.0764978, 59.9753333], [20.0856643, 59.9626666], [20.1256644, 59.9594999], [20.141498, 59.9573333], [20.1446645, 59.9561666], [20.166498, 59.9555], [20.1806646, 59.9581666], [20.1851647, 59.9538333], [20.1894981, 59.9536666], [20.2006646, 59.9573333], [20.2236646, 59.9593333], [20.2484982, 59.9563333], [20.2601648, 59.9555], [20.2718314, 59.9545], [20.2879982, 59.9553333], [20.2881649, 59.958], [20.2811649, 59.9661667], [20.2793315, 59.9665], [20.2747797, 59.9671278]]}}, {"type": "Feature", "properties": {"osm_id": 494832084, "name": "HVDC Gotland - Electrode Line", "kind": "power", "operator": null}, "geometry": {"type": "LineString", "coordinates": [[16.6592753, 57.6080753], [16.6709, 57.6029295]]}}, {"type": "Feature", "properties": {"osm_id": 494832085, "name": "HVDC Gotland - Electrode Line", "kind": "power", "operator": null}, "geometry": {"type": "LineString", "coordinates": [[16.6387135, 57.6781504], [16.6395235, 57.6827034]]}}, {"type": "Feature", "properties": {"osm_id": 494832086, "name": "HVDC Gotland - Electrode Line", "kind": "power", "operator": null}, "geometry": {"type": "LineString", "coordinates": [[16.6224298, 57.6449155], [16.6237414, 57.64829]]}}, {"type": "Feature", "properties": {"osm_id": 1117196204, "name": "HVDC Gotland 2 and 3", "kind": "power", "operator": null}, "geometry": {"type": "LineString", "coordinates": [[18.1837065, 57.5900941], [16.7132306, 57.6855167]]}}, {"type": "Feature", "properties": {"osm_id": 1213236769, "name": "Aurora", "kind": "telecom", "operator": "GlobalConnect"}, "geometry": {"type": "LineString", "coordinates": [[17.0625, 57.3645], [17.06815, 57.3806667], [17.1566, 57.4486833], [17.1835, 57.4551667], [17.4131667, 57.4375], [18.0498667, 57.5651333], [18.1828333, 57.5896667]]}}, {"type": "Feature", "properties": {"osm_id": 1355003440, "name": "Sweden-Latvia", "kind": "telecom", "operator": "LVRTC"}, "geometry": {"type": "LineString", "coordinates": [[19.0330046, 57.8305165], [19.0470883, 57.8248398], [19.0806738, 57.8118381], [19.1190629, 57.7969972], [19.1226432, 57.7959774], [19.1297502, 57.7949579], [19.2554936, 57.7814684], [19.517004, 57.7535204], [19.6016698, 57.7444441], [19.6687082, 57.7372486], [19.7808939, 57.7252303], [19.9073874, 57.711673], [20.1227498, 57.6885631], [20.1927006, 57.6810467], [20.2950364, 57.6700539], [20.3919913, 57.6596585], [20.5698179, 57.6405566], [20.6437159, 57.6326155], [20.78613, 57.6172919], [20.8029007, 57.6152753], [20.8388079, 57.6106925], [20.9077057, 57.6019723], [20.957335, 57.5955994], [20.9904799, 57.5913482], [21.0287153, 57.5864353], [21.0976022, 57.5776341], [21.1432489, 57.5717969], [21.2175237, 57.5622928], [21.286836, 57.5534103], [21.3198542, 57.5475035], [21.3813488, 57.5421737], [21.469671, 57.5315653], [21.5051535, 57.5273383], [21.5147943, 57.517819], [21.5234848, 57.5091887], [21.5446121, 57.4883923], [21.5929656, 57.4407572]]}}, {"type": "Feature", "properties": {"osm_id": 1355192498, "name": "Latvia-Sweden 1 (LV-SE 1)", "kind": "telecom", "operator": "Tele2 (SE), Tet (LV)"}, "geometry": {"type": "LineString", "coordinates": [[21.5937548, 57.4408324], [21.5832227, 57.4639234], [21.5494664, 57.5372506], [21.5432228, 57.5508521], [21.4522403, 57.629552], [21.4193762, 57.6579423], [21.3933912, 57.6804065], [21.3041323, 57.7360804], [21.2425855, 57.7743997], [21.2115508, 57.7937141], [21.2043043, 57.7977268], [21.1580768, 57.8209171], [21.0950612, 57.8523696], [21.0318173, 57.8839602], [21.0279424, 57.8859261], [21.0269869, 57.8866015], [20.9775608, 57.9360198], [20.9504865, 57.9630372], [20.8640078, 57.9997535], [20.7825695, 58.0342711], [20.7256623, 58.0584376], [20.6563311, 58.087815], [20.5697294, 58.1244734], [20.5033378, 58.1526029], [20.4578663, 58.1717377], [20.3916703, 58.1943808], [20.2938, 58.2277372], [20.1922056, 58.2623519], [20.126599, 58.2846694], [20.0341171, 58.3161141], [19.9609928, 58.3410042], [19.9362535, 58.3492016], [19.8560271, 58.376609], [19.7659998, 58.407128], [19.6485788, 58.4469147], [19.5130401, 58.4927804], [19.3856497, 58.555311], [19.3196994, 58.587745], [19.2677096, 58.6132151], [19.1461612, 58.6517519], [19.0613235, 58.6785656], [18.9891892, 58.7013485], [18.8072623, 58.7414005], [18.6185023, 58.783012], [18.4430154, 58.7793739], [18.223907, 58.7749574], [18.1686466, 58.7746837], [18.1469293, 58.7763169], [18.1288086, 58.77839], [18.0845279, 58.7840341], [18.0558689, 58.7875846], [18.0309883, 58.7897984], [18.0086955, 58.7878576], [17.9811756, 58.7813571], [17.9612303, 58.7767392], [17.9541303, 58.7767057], [17.949344, 58.7783528], [17.9390501, 58.7831508], [17.9176221, 58.793216], [17.9122504, 58.8037722], [17.9067531, 58.8136093], [17.9053799, 58.8212249], [17.9053334, 58.8275368]]}}]}